Gene,B-A_FC,B-A_logFC,B-A_tstat,B-A_pval,B-A_adjpval,C-A_FC,C-A_logFC,C-A_tstat,C-A_pval,C-A_adjpval,B-C_FC,B-C_logFC,B-C_tstat,B-C_pval,B-C_adjpval
1110008F13Rik,-1.16,-0.214,-0.742,0.473,0.804,-2.32,-1.21,-3.53,0.00464,0.0486,2.0,1.0,2.89,0.0146,0.13
2810474O19Rik,-1.35,-0.429,-1.14,0.277,0.681,1.97,0.977,2.8,0.0172,0.105,-2.65,-1.41,-4.0,0.00204,0.0455
4632428N05Rik,2.36,1.24,3.32,0.00677,0.138,4.56,2.19,6.02,8.24E-5,0.0039,-1.93,-0.951,-3.38,0.00601,0.0817
4833439L19Rik,-1.33,-0.407,-1.62,0.133,0.518,-2.24,-1.17,-4.01,0.00199,0.0297,1.69,0.758,2.56,0.0264,0.176
4930523C07Rik,-1.8,-0.848,-1.43,0.18,0.581,4.49,2.17,5.28,2.48E-4,0.0082,-8.07,-3.01,-5.39,2.1E-4,0.0116
5430427O19Rik,-2.25,-1.17,-3.24,0.00777,0.146,-3.04,-1.61,-3.82,0.00276,0.0359,1.35,0.435,0.969,0.353,0.619
Abca1,1.18,0.235,0.491,0.633,0.885,4.57,2.19,4.95,4.18E-4,0.0109,-3.89,-1.96,-5.22,2.72E-4,0.0137
Abcb8,-1.43,-0.513,-1.63,0.131,0.517,-2.48,-1.31,-3.54,0.00458,0.0482,1.74,0.798,2.1,0.059,0.26
Abce1,1.38,0.468,2.07,0.0628,0.38,-1.48,-0.568,-2.18,0.0513,0.2,2.05,1.04,4.11,0.00167,0.0398
Abhd8,1.17,0.227,0.431,0.675,0.899,7.02,2.81,6.04,7.94E-5,0.00383,-6.0,-2.58,-5.9,9.84E-5,0.00722
Abi1,1.96,0.973,3.17,0.00879,0.156,3.56,1.83,6.11,7.19E-5,0.00358,-1.81,-0.859,-3.28,0.0072,0.0903
Acap2,-5.73,-2.52,-4.68,6.48E-4,0.0395,-2.43,-1.28,-3.0,0.0119,0.0828,-2.36,-1.24,-2.13,0.0567,0.256
Actr3,1.87,0.902,7.61,9.7E-6,0.00246,2.47,1.3,10.9,2.73E-7,1.51E-4,-1.32,-0.401,-3.76,0.00307,0.0565
Adcy3,1.93,0.945,1.61,0.136,0.519,4.8,2.26,3.99,0.00208,0.0303,-2.5,-1.32,-3.6,0.00407,0.0666
Add1,1.74,0.8,2.67,0.0216,0.246,3.08,1.62,5.48,1.83E-4,0.00691,-1.77,-0.822,-3.07,0.0106,0.108
Add3,3.48,1.8,7.64,9.4E-6,0.00246,2.74,1.45,5.95,9.13E-5,0.00422,1.27,0.345,1.71,0.115,0.365
Adpgk,1.81,0.857,1.86,0.0902,0.445,4.83,2.27,5.14,3.11E-4,0.00922,-2.67,-1.41,-3.96,0.00217,0.0469
Adssl1,-2.14,-1.1,-3.5,0.00492,0.122,-4.19,-2.07,-5.33,2.3E-4,0.00786,1.95,0.967,2.35,0.038,0.211
Aff3,1.56,0.643,2.3,0.042,0.321,-2.05,-1.03,-2.97,0.0127,0.0863,3.19,1.68,4.92,4.42E-4,0.0188
Aff4,3.17,1.67,4.06,0.00185,0.0727,12.1,3.6,9.16,1.6E-6,2.98E-4,-3.82,-1.93,-7.06,1.95E-5,0.00216
Agpat3,1.19,0.246,0.525,0.61,0.875,3.46,1.79,4.12,0.00165,0.0264,-2.91,-1.54,-3.88,0.00249,0.0503
Ahcyl2,3.01,1.59,2.53,0.0278,0.271,42.2,5.4,9.08,1.74E-6,3.09E-4,-14.0,-3.81,-10.5,4.04E-7,2.13E-4
Ahr,2.05,1.04,1.7,0.116,0.492,6.8,2.77,4.78,5.49E-4,0.0131,-3.31,-1.73,-4.03,0.00193,0.044
AI467606,-1.19,-0.252,-0.986,0.345,0.727,1.68,0.753,3.03,0.0113,0.081,-2.01,-1.01,-4.12,0.00167,0.0398
Aip,1.05,0.0692,0.22,0.83,0.957,2.09,1.06,3.51,0.00481,0.0497,-1.99,-0.991,-3.39,0.0059,0.0807
Akna,1.81,0.854,4.23,0.00138,0.0646,2.8,1.49,7.36,1.33E-5,0.0013,-1.55,-0.631,-3.47,0.00519,0.0748
Aldh2,-2.35,-1.23,-6.84,2.64E-5,0.00502,-1.64,-0.716,-3.94,0.00226,0.0319,-1.43,-0.517,-2.64,0.0229,0.165
Aldoa,1.71,0.773,3.98,0.00211,0.0792,2.9,1.53,7.95,6.42E-6,7.2E-4,-1.69,-0.761,-4.42,0.001,0.03
Amd1,-2.16,-1.11,-3.93,0.0023,0.0825,-2.91,-1.54,-4.75,5.83E-4,0.0135,1.35,0.433,1.26,0.235,0.515
Ankmy2,-1.03,-0.0402,-0.0967,0.925,0.983,2.59,1.38,3.55,0.00445,0.0476,-2.67,-1.42,-4.06,0.00182,0.0422
Ankrd13a,-2.07,-1.05,-6.91,2.39E-5,0.00468,-1.78,-0.828,-5.21,2.77E-4,0.00861,-1.16,-0.218,-1.3,0.219,0.5
Ankrd44,2.46,1.3,3.5,0.0049,0.122,3.03,1.6,4.27,0.00128,0.0224,-1.23,-0.3,-0.937,0.369,0.628
Anks1,-2.53,-1.34,-4.62,7.11E-4,0.0415,-23.3,-4.54,-3.8,0.00286,0.0367,9.23,3.21,2.62,0.0237,0.167
Anxa1,-2.43,-1.28,-4.04,0.0019,0.0729,1.28,0.355,1.28,0.228,0.469,-3.11,-1.64,-5.27,2.54E-4,0.0131
Anxa2,5.72,2.52,6.55,3.91E-5,0.00647,2.21,1.14,2.76,0.0184,0.108,2.59,1.37,4.21,0.00143,0.0373
Anxa5,1.38,0.466,1.4,0.188,0.591,2.63,1.39,4.33,0.00116,0.021,-1.9,-0.929,-3.18,0.00856,0.0988
Anxa6,1.33,0.408,1.97,0.0741,0.407,4.97,2.31,12.0,1.06E-7,7.79E-5,-3.74,-1.9,-10.8,3.04E-7,1.93E-4
Ap1g1,-1.65,-0.719,-1.87,0.0881,0.445,2.06,1.04,3.02,0.0115,0.0815,-3.39,-1.76,-4.92,4.43E-4,0.0188
Ap1g2,1.0,0.00333,0.00865,0.993,0.999,2.45,1.29,3.55,0.00444,0.0476,-2.44,-1.29,-3.74,0.00318,0.0576
Ap3d1,1.95,0.966,2.76,0.0185,0.228,3.09,1.63,4.71,6.2E-4,0.0142,-1.58,-0.661,-2.17,0.0526,0.247
Ap3s1,3.56,1.83,5.77,1.19E-4,0.0126,4.77,2.25,7.11,1.84E-5,0.00163,-1.34,-0.424,-1.77,0.105,0.348
Arhgap17,-1.19,-0.251,-0.918,0.378,0.749,-2.49,-1.32,-3.99,0.00206,0.0303,2.09,1.06,3.21,0.00818,0.0962
Arhgap26,3.2,1.68,3.92,0.00232,0.0825,3.07,1.62,3.73,0.00327,0.0395,1.04,0.0591,0.17,0.868,0.939
Arhgef1,1.21,0.272,1.27,0.229,0.634,2.11,1.07,5.09,3.36E-4,0.00974,-1.75,-0.803,-4.0,0.00205,0.0455
Arl11,-10.6,-3.4,-3.4,0.00583,0.13,-3.11,-1.64,-3.59,0.00416,0.0459,-3.4,-1.76,-1.68,0.121,0.374
Arrdc4,2.73,1.45,0.966,0.355,0.733,19.7,4.3,2.92,0.0137,0.0902,-7.22,-2.85,-4.48,9.0E-4,0.0285
Asap1,-4.51,-2.17,-4.71,6.18E-4,0.0386,-2.44,-1.29,-3.16,0.00897,0.0709,-1.85,-0.885,-1.76,0.105,0.349
Ascc3,-1.04,-0.0506,-0.0787,0.939,0.987,2.76,1.46,3.88,0.00251,0.034,-2.86,-1.51,-2.39,0.0355,0.205
Atp13a2,-1.31,-0.39,-1.65,0.127,0.509,-3.78,-1.92,-6.24,6.0E-5,0.00329,2.89,1.53,4.87,4.8E-4,0.02
Atp2a3,2.19,1.13,5.48,1.82E-4,0.0172,2.04,1.03,4.8,5.3E-4,0.0128,1.07,0.0997,0.519,0.614,0.808
Atp2b1,-1.12,-0.163,-0.429,0.676,0.9,3.92,1.97,5.83,1.08E-4,0.00466,-4.39,-2.13,-6.32,5.34E-5,0.00462
Atp8a1,-1.07,-0.0961,-0.147,0.886,0.972,4.62,2.21,5.89,9.89E-5,0.00443,-4.94,-2.3,-3.61,0.00403,0.066
Atrnl1,-1.38,-0.461,-0.477,0.642,0.888,4.28,2.1,4.03,0.00192,0.0294,-5.89,-2.56,-2.71,0.0201,0.153
AU040320,-1.05,-0.0691,-0.233,0.82,0.955,2.8,1.49,5.41,2.04E-4,0.00745,-2.94,-1.55,-5.81,1.12E-4,0.0074
Aurkb,-1.91,-0.932,-3.27,0.0073,0.142,-3.08,-1.62,-4.81,5.28E-4,0.0128,1.61,0.692,1.95,0.0771,0.297
AW112010,1.54,0.622,1.67,0.123,0.504,2.47,1.31,3.54,0.00453,0.0481,-1.61,-0.685,-2.1,0.0595,0.261
B9d2,-2.4,-1.27,-3.38,0.00607,0.132,-4.6,-2.2,-3.81,0.00284,0.0366,1.91,0.937,1.53,0.153,0.419
BC035044,-1.47,-0.558,-2.51,0.0289,0.276,-17.2,-4.11,-8.87,2.2E-6,3.55E-4,11.7,3.55,7.39,1.28E-5,0.00163
Bcl11a,-1.78,-0.831,-2.19,0.0506,0.347,-10.0,-3.32,-3.92,0.00234,0.0325,5.62,2.49,2.83,0.0162,0.136
Bcl2,4.86,2.28,12.4,7.56E-8,1.01E-4,3.53,1.82,9.49,1.12E-6,2.59E-4,1.38,0.462,2.98,0.0124,0.117
Bid,1.15,0.207,0.704,0.496,0.815,-4.9,-2.29,-5.21,2.76E-4,0.00861,5.65,2.5,5.6,1.54E-4,0.00922
Bin1,-2.41,-1.27,-5.14,3.09E-4,0.0253,-2.33,-1.22,-4.6,7.36E-4,0.0157,-1.03,-0.0478,-0.167,0.87,0.94
Bin2,3.05,1.61,7.96,6.36E-6,0.00194,1.89,0.919,4.26,0.0013,0.0225,1.61,0.689,3.69,0.00346,0.0604
Brca1,-2.16,-1.11,-2.48,0.0302,0.281,-2.33,-1.22,-3.73,0.00326,0.0394,1.08,0.108,0.221,0.829,0.92
Bst2,-1.96,-0.972,-2.94,0.0132,0.19,-4.52,-2.18,-4.81,5.28E-4,0.0128,2.3,1.2,2.54,0.0274,0.178
Btaf1,1.75,0.806,2.4,0.0348,0.301,-1.64,-0.716,-1.77,0.104,0.298,2.87,1.52,3.93,0.0023,0.0485
Btbd2,1.48,0.566,1.83,0.0942,0.452,2.16,1.11,3.62,0.00395,0.0448,-1.46,-0.547,-1.92,0.081,0.305
Btg1,1.94,0.955,2.93,0.0136,0.192,7.03,2.81,9.21,1.52E-6,2.98E-4,-3.63,-1.86,-7.39,1.29E-5,0.00163
Btk,-2.26,-1.17,-3.62,0.00394,0.11,-13.4,-3.74,-5.0,3.89E-4,0.0106,5.94,2.57,3.29,0.00703,0.0899
Cab39,1.48,0.569,3.03,0.0114,0.177,2.37,1.24,6.64,3.42E-5,0.0024,-1.6,-0.675,-3.9,0.00243,0.0498
Calcrl,1.1,0.143,0.494,0.631,0.883,-2.76,-1.46,-3.93,0.00231,0.0323,3.04,1.6,4.31,0.0012,0.0332
Camk2d,-2.85,-1.51,-4.17,0.00151,0.0682,1.5,0.583,1.97,0.074,0.246,-4.26,-2.09,-5.93,9.35E-5,0.00712
Capn2,1.51,0.596,1.1,0.294,0.695,5.65,2.5,4.97,4.07E-4,0.0108,-3.74,-1.9,-4.51,8.54E-4,0.0277
Casp2,-1.47,-0.56,-2.16,0.0535,0.353,-2.17,-1.12,-3.79,0.00291,0.0371,1.47,0.56,1.86,0.0895,0.319
Casp9,2.09,1.06,2.34,0.0386,0.314,3.3,1.72,3.87,0.00253,0.0341,-1.58,-0.66,-1.82,0.0964,0.334
Cast,1.43,0.512,1.07,0.307,0.702,3.3,1.72,3.8,0.00288,0.0368,-2.31,-1.21,-2.94,0.0133,0.122
Cbfa2t3,1.69,0.759,2.43,0.0332,0.292,-4.77,-2.25,-4.03,0.00194,0.0295,8.07,3.01,5.3,2.4E-4,0.0127
Ccdc50,1.64,0.712,1.84,0.0927,0.451,2.8,1.48,3.92,0.00232,0.0323,-1.71,-0.772,-2.35,0.0382,0.211
Ccng1,1.57,0.652,2.11,0.0585,0.368,2.39,1.26,4.11,0.00169,0.0267,-1.52,-0.605,-2.17,0.0528,0.247
Ccr2,31.0,4.95,2.5,0.0292,0.277,159.0,7.31,3.69,0.00346,0.041,-5.14,-2.36,-8.6,2.98E-6,6.69E-4
Ccr7,-1.88,-0.913,-1.49,0.164,0.56,3.14,1.65,3.86,0.0026,0.0347,-5.92,-2.57,-4.42,9.91E-4,0.03
Cd24a,1.22,0.287,1.02,0.329,0.714,-10.7,-3.42,-5.3,2.43E-4,0.00809,13.1,3.71,5.57,1.61E-4,0.00957
Cd27,-1.36,-0.442,-1.67,0.123,0.503,-2.24,-1.16,-3.83,0.00273,0.0358,1.65,0.721,2.31,0.041,0.219
Cd34,-2.62,-1.39,-6.03,8.13E-5,0.0107,-49.6,-5.63,-8.09,5.38E-6,6.26E-4,18.9,4.24,5.9,9.8E-5,0.00722
Cd37,1.52,0.605,2.75,0.0187,0.23,2.11,1.08,4.87,4.8E-4,0.0121,-1.39,-0.473,-2.36,0.0375,0.21
Cd47,-1.48,-0.567,-3.72,0.00329,0.0997,-2.07,-1.05,-6.16,6.77E-5,0.00352,1.4,0.484,2.78,0.0177,0.143
Cd48,-2.18,-1.13,-5.39,2.1E-4,0.0191,-1.78,-0.828,-3.82,0.00277,0.0359,-1.23,-0.298,-1.29,0.222,0.502
Cd52,2.76,1.46,5.72,1.28E-4,0.0134,2.41,1.27,4.79,5.42E-4,0.013,1.14,0.194,0.876,0.4,0.657
Cd53,-1.98,-0.989,-4.29,0.00125,0.06,1.58,0.661,3.1,0.00988,0.0746,-3.14,-1.65,-7.31,1.42E-5,0.00174
Cd7,86.6,6.44,3.6,0.0041,0.112,143.0,7.16,4.03,0.00194,0.0295,-1.65,-0.719,-2.19,0.0504,0.242
Cd74,4.89,2.29,4.06,0.00184,0.0727,10.8,3.44,6.21,6.24E-5,0.00333,-2.21,-1.15,-3.15,0.00913,0.102
Cd81,-3.69,-1.88,-5.87,1.03E-4,0.012,-1.08,-0.114,-0.412,0.688,0.839,-3.41,-1.77,-5.35,2.24E-4,0.0121
Cd82,1.04,0.0543,0.131,0.898,0.976,12.7,3.66,10.4,4.63E-7,1.68E-4,-12.2,-3.61,-10.6,3.74E-7,2.13E-4
Cd84,-1.18,-0.234,-0.597,0.563,0.849,3.32,1.73,4.96,4.16E-4,0.0109,-3.91,-1.97,-5.68,1.35E-4,0.00836
Cd93,-3.54,-1.82,-6.18,6.52E-5,0.00955,-7.35,-2.88,-7.47,1.15E-5,0.00117,2.08,1.05,2.5,0.0291,0.183
Cd96,2.58,1.37,5.5,1.78E-4,0.0172,2.5,1.32,5.19,2.87E-4,0.00879,1.03,0.0429,0.199,0.846,0.929
Cdan1,1.99,0.99,2.82,0.0165,0.216,2.58,1.37,3.88,0.00252,0.034,-1.3,-0.377,-1.24,0.239,0.517
Cdc42se1,1.83,0.869,3.74,0.0032,0.0984,2.2,1.14,4.82,5.2E-4,0.0128,-1.2,-0.268,-1.27,0.229,0.51
Cdc6,-2.24,-1.16,-5.22,2.74E-4,0.0228,-2.51,-1.33,-5.39,2.11E-4,0.00749,1.12,0.163,0.62,0.547,0.771
Cdca5,-2.01,-1.0,-3.17,0.00882,0.156,-2.59,-1.37,-3.77,0.00302,0.0378,1.29,0.367,0.955,0.36,0.623
Cdca7,-1.72,-0.783,-3.08,0.0103,0.168,-2.99,-1.58,-5.32,2.36E-4,0.00798,1.74,0.799,2.6,0.0246,0.17
Cdip1,-1.26,-0.332,-1.06,0.311,0.706,-3.38,-1.76,-4.26,0.00131,0.0225,2.69,1.43,3.38,0.00606,0.0818
Cdk19,-3.25,-1.7,-4.46,9.37E-4,0.0491,-2.76,-1.46,-3.71,0.00339,0.0405,-1.18,-0.239,-0.541,0.599,0.801
Cdk2ap2,1.08,0.111,0.326,0.75,0.931,2.64,1.4,4.32,0.00118,0.0212,-2.44,-1.29,-4.26,0.0013,0.0354
Cdk4,-1.27,-0.347,-1.77,0.104,0.469,-2.08,-1.05,-4.7,6.29E-4,0.0143,1.63,0.706,3.13,0.00945,0.104
Cdk6,-1.46,-0.55,-1.94,0.0785,0.42,-3.16,-1.66,-4.66,6.66E-4,0.0147,2.16,1.11,3.04,0.0111,0.11
Cdkn1a,2.37,1.25,3.81,0.00284,0.0923,-3.58,-1.84,-2.93,0.0136,0.0902,8.51,3.09,4.81,5.25E-4,0.0212
Cds2,-1.04,-0.0504,-0.115,0.91,0.977,2.71,1.44,3.58,0.00425,0.0464,-2.8,-1.49,-3.81,0.00282,0.0534
Cdv3,-1.13,-0.182,-0.784,0.449,0.794,-2.3,-1.2,-4.38,0.00106,0.0199,2.02,1.02,3.69,0.00351,0.0607
Cerk,-1.04,-0.0592,-0.194,0.85,0.963,4.93,2.3,8.5,3.35E-6,4.33E-4,-5.13,-2.36,-9.01,1.89E-6,5.39E-4
Cers5,-2.2,-1.14,-3.48,0.00502,0.123,1.19,0.254,0.858,0.409,0.644,-2.62,-1.39,-4.29,0.00123,0.0338
Cfp,4.96,2.31,7.47,1.16E-5,0.00276,-1.63,-0.701,-1.66,0.125,0.332,8.06,3.01,7.57,1.03E-5,0.00137
Chchd4,-1.57,-0.647,-2.14,0.0558,0.358,-3.66,-1.87,-4.69,6.33E-4,0.0144,2.34,1.22,2.98,0.0123,0.117
Chka,-4.96,-2.31,-3.88,0.00252,0.0859,-3.55,-1.83,-3.67,0.00361,0.0422,-1.4,-0.483,-0.703,0.497,0.734
Chmp5,1.65,0.725,1.77,0.105,0.469,2.88,1.52,3.81,0.00285,0.0367,-1.74,-0.8,-2.26,0.0451,0.23
Chn2,6.18,2.63,4.87,4.79E-4,0.0328,5.86,2.55,4.76,5.68E-4,0.0134,1.05,0.0763,0.266,0.795,0.903
Cited2,-1.66,-0.729,-1.88,0.0862,0.44,1.78,0.828,2.38,0.0363,0.163,-2.94,-1.56,-4.22,0.0014,0.0371
Ckap5,-3.0,-1.58,-3.89,0.00246,0.0842,1.02,0.0332,0.0943,0.927,0.969,-3.07,-1.62,-3.89,0.00245,0.05
Clasp2,1.76,0.813,1.62,0.133,0.518,3.66,1.87,4.03,0.00194,0.0295,-2.08,-1.06,-2.38,0.036,0.206
Cldn25,2.09,1.07,4.06,0.00183,0.0727,2.63,1.39,5.26,2.58E-4,0.00837,-1.25,-0.326,-1.42,0.182,0.458
Clec12a,-6.41,-2.68,-5.81,1.12E-4,0.0121,-25.9,-4.7,-4.53,8.25E-4,0.0169,4.04,2.02,1.85,0.0914,0.323
Clic4,-1.13,-0.181,-0.763,0.461,0.798,-3.3,-1.72,-5.6,1.53E-4,0.00615,2.91,1.54,4.96,4.16E-4,0.0185
Clip1,-2.29,-1.19,-3.52,0.00475,0.122,1.39,0.478,1.57,0.144,0.358,-3.18,-1.67,-5.04,3.63E-4,0.017
Clk4,-2.31,-1.21,-2.11,0.058,0.366,2.1,1.07,2.59,0.025,0.129,-4.85,-2.28,-4.12,0.00166,0.0398
Cmpk2,2.35,1.23,3.73,0.00326,0.0994,-1.17,-0.233,-0.606,0.557,0.754,2.76,1.47,4.36,0.0011,0.0316
Cmtm6,1.11,0.151,0.605,0.557,0.845,2.57,1.36,5.65,1.43E-4,0.00578,-2.31,-1.21,-5.27,2.53E-4,0.0131
Cmtm7,1.08,0.11,0.805,0.438,0.786,-2.22,-1.15,-7.1,1.87E-5,0.00163,2.39,1.26,7.82,7.46E-6,0.00113
Cnn2,3.1,1.63,8.38,3.84E-6,0.00146,3.54,1.82,9.21,1.52E-6,2.98E-4,-1.14,-0.189,-1.15,0.274,0.547
Cnn3,-8.68,-3.12,-13.1,4.22E-8,1.01E-4,-17.8,-4.15,-12.6,6.16E-8,6.71E-5,2.05,1.04,2.8,0.0171,0.14
Cnot6l,-2.11,-1.07,-2.86,0.0153,0.206,3.17,1.66,5.39,2.1E-4,0.00747,-6.67,-2.74,-7.81,7.56E-6,0.00113
Cnpy3,-1.06,-0.0885,-0.362,0.724,0.92,-2.77,-1.47,-4.83,5.12E-4,0.0127,2.61,1.38,4.5,8.77E-4,0.0281
Cnst,1.53,0.615,1.54,0.152,0.544,2.73,1.45,3.71,0.00335,0.0403,-1.78,-0.833,-2.49,0.0296,0.185
Colgalt1,-1.17,-0.228,-0.823,0.428,0.78,-2.58,-1.36,-3.96,0.00219,0.0312,2.2,1.14,3.26,0.00744,0.0918
Cops4,-1.53,-0.612,-2.79,0.0172,0.218,-2.42,-1.28,-5.06,3.52E-4,0.00999,1.59,0.665,2.56,0.0263,0.176
Coro7,-2.46,-1.3,-6.79,2.82E-5,0.00512,-1.32,-0.397,-2.12,0.0571,0.214,-1.86,-0.899,-4.46,9.41E-4,0.0291
Cpne2,6.11,2.61,6.75,2.95E-5,0.00524,1.33,0.411,0.929,0.373,0.614,4.59,2.2,5.94,9.27E-5,0.00712
Creb1,1.15,0.201,0.55,0.593,0.865,2.36,1.24,3.51,0.00482,0.0497,-2.05,-1.04,-3.14,0.00935,0.103
Crot,1.52,0.608,1.58,0.142,0.528,3.77,1.91,5.22,2.75E-4,0.00861,-2.47,-1.31,-3.94,0.00226,0.048
Cry1,-1.23,-0.301,-0.965,0.355,0.733,2.54,1.35,4.72,6.07E-4,0.014,-3.13,-1.65,-5.73,1.27E-4,0.00797
Csrp1,-4.14,-2.05,-8.39,3.81E-6,0.00146,-2.58,-1.37,-5.67,1.37E-4,0.00561,-1.61,-0.683,-2.46,0.0316,0.192
Cst7,-1.89,-0.915,-2.65,0.0223,0.249,-2.61,-1.38,-3.54,0.00454,0.0481,1.38,0.467,1.14,0.279,0.553
Cstf2,-1.5,-0.586,-2.33,0.0393,0.314,-2.11,-1.08,-3.81,0.00282,0.0365,1.41,0.492,1.69,0.118,0.37
Ctps,1.15,0.197,0.698,0.499,0.817,-2.42,-1.28,-3.55,0.00443,0.0476,2.78,1.47,4.15,0.00156,0.0392
Ctr9,-1.11,-0.15,-1.14,0.277,0.68,-3.01,-1.59,-9.83,7.94E-7,2.33E-4,2.71,1.44,8.85,2.25E-6,5.64E-4
Ctsc,2.01,1.01,4.89,4.59E-4,0.0324,2.64,1.4,6.73,3.03E-5,0.00229,-1.31,-0.391,-2.13,0.0565,0.256
Ctso,-3.75,-1.91,-5.35,2.23E-4,0.0198,1.23,0.298,1.05,0.314,0.555,-4.62,-2.21,-6.16,6.72E-5,0.00539
Ctsw,7.37,2.88,3.45,0.00529,0.124,12.9,3.69,4.49,8.93E-4,0.0179,-1.74,-0.803,-2.19,0.0506,0.242
Cttn,4.81,2.26,4.32,0.00117,0.0581,-1.31,-0.39,-0.565,0.583,0.774,6.3,2.65,4.1,0.00172,0.0405
Cyb561a3,1.39,0.477,1.66,0.124,0.505,-2.4,-1.26,-3.45,0.00529,0.0527,3.34,1.74,4.83,5.11E-4,0.0208
Cyba,1.87,0.904,3.19,0.00842,0.153,2.09,1.06,3.68,0.00356,0.0418,-1.12,-0.16,-0.633,0.54,0.766
Cyfip1,-1.2,-0.259,-1.04,0.32,0.711,-2.46,-1.3,-4.32,0.00118,0.0212,2.06,1.04,3.43,0.00557,0.0781
D19Bwg1357e,1.2,0.265,0.971,0.352,0.731,-2.12,-1.09,-3.27,0.00738,0.0636,2.55,1.35,4.11,0.0017,0.0402
Dapp1,2.08,1.06,4.16,0.00154,0.0683,-1.75,-0.807,-2.58,0.0251,0.13,3.64,1.86,6.23,6.08E-5,0.00509
Dbnl,2.11,1.08,5.95,9.1E-5,0.0115,1.8,0.852,4.48,9.06E-4,0.0181,1.17,0.227,1.34,0.208,0.489
Dcaf7,2.21,1.14,4.03,0.00193,0.0735,3.28,1.71,6.03,8.11E-5,0.00386,-1.48,-0.568,-2.3,0.0416,0.221
Dcun1d1,-1.48,-0.563,-2.45,0.032,0.291,-2.03,-1.02,-3.95,0.00221,0.0314,1.38,0.46,1.73,0.11,0.358
Ddx54,-1.02,-0.0273,-0.101,0.922,0.982,-2.42,-1.28,-3.8,0.00287,0.0367,2.38,1.25,3.73,0.00328,0.0589
Degs1,1.66,0.732,2.44,0.0326,0.291,2.54,1.35,4.52,8.39E-4,0.0169,-1.53,-0.613,-2.35,0.0385,0.211
Dek,-1.15,-0.206,-1.11,0.29,0.691,-2.02,-1.02,-4.75,5.74E-4,0.0135,1.75,0.81,3.77,0.00305,0.0564
Dennd1b,1.43,0.511,0.86,0.408,0.768,4.29,2.1,3.75,0.00316,0.0387,-3.01,-1.59,-3.46,0.00521,0.0748
Dennd5a,-4.29,-2.1,-2.34,0.0386,0.314,-3.04,-1.6,-3.89,0.00245,0.0337,-1.41,-0.499,-0.533,0.604,0.803
Dhx32,-1.06,-0.0784,-0.18,0.86,0.966,2.69,1.43,3.54,0.00456,0.0482,-2.84,-1.51,-3.92,0.00232,0.0487
Dhx38,2.02,1.02,3.11,0.00971,0.164,2.62,1.39,4.24,0.00136,0.0231,-1.29,-0.371,-1.32,0.213,0.494
Dirc2,-6.56,-2.71,-4.15,0.00159,0.0683,-7.98,-3.0,-4.08,0.00178,0.028,1.22,0.283,0.315,0.758,0.884
Dnajc3,1.05,0.0638,0.276,0.787,0.943,3.56,1.83,8.54,3.22E-6,4.27E-4,-3.41,-1.77,-8.68,2.73E-6,6.31E-4
Dnmt1,-1.51,-0.593,-3.51,0.00476,0.122,-2.05,-1.04,-5.48,1.83E-4,0.00691,1.36,0.443,2.3,0.042,0.221
Dntt,-41.5,-5.37,-21.1,2.49E-10,1.9E-6,-162.0,-7.34,-5.72,1.28E-4,0.00531,3.89,1.96,1.51,0.159,0.428
Dok2,1.64,0.71,1.66,0.124,0.505,4.12,2.04,4.99,3.93E-4,0.0106,-2.52,-1.33,-3.74,0.00321,0.058
Dpy19l3,-2.19,-1.13,-1.06,0.31,0.706,6.28,2.65,5.22,2.72E-4,0.00861,-13.8,-3.78,-3.56,0.00441,0.0695
Dtl,-1.56,-0.643,-2.8,0.0171,0.217,-3.9,-1.96,-6.56,3.83E-5,0.00258,2.5,1.32,4.28,0.00125,0.0342
Dtx4,-3.32,-1.73,-6.04,7.95E-5,0.0106,-2.81,-1.49,-4.94,4.25E-4,0.0111,-1.18,-0.239,-0.709,0.493,0.731
Egfl7,-12.6,-3.66,-6.1,7.3E-5,0.0101,-12.2,-3.61,-5.53,1.69E-4,0.00657,-1.04,-0.0538,-0.0652,0.949,0.977
Egln1,-2.65,-1.41,-4.21,0.00142,0.0654,-2.87,-1.52,-4.01,0.002,0.0298,1.08,0.111,0.268,0.793,0.902
Ehbp1l1,2.09,1.06,3.48,0.00509,0.123,4.23,2.08,6.99,2.16E-5,0.00179,-2.02,-1.02,-4.18,0.00149,0.0384
Eif4e2,1.2,0.265,1.14,0.28,0.682,2.23,1.16,5.07,3.47E-4,0.00994,-1.86,-0.891,-4.2,0.00145,0.0375
Eif4e3,1.26,0.33,0.661,0.522,0.826,4.93,2.3,5.02,3.76E-4,0.0104,-3.92,-1.97,-5.18,2.9E-4,0.0142
Eif4g3,1.36,0.445,1.38,0.195,0.596,2.2,1.14,3.56,0.00439,0.0473,-1.61,-0.691,-2.32,0.0401,0.216
Elf4,2.11,1.08,3.26,0.00745,0.144,2.69,1.43,4.27,0.00129,0.0224,-1.27,-0.345,-1.22,0.246,0.522
Elk3,-1.71,-0.771,-2.39,0.0358,0.304,1.39,0.48,1.59,0.14,0.354,-2.38,-1.25,-3.95,0.0022,0.0474
Elp2,1.06,0.0904,0.419,0.683,0.903,-2.19,-1.13,-4.34,0.00114,0.0209,2.33,1.22,4.72,6.08E-4,0.0224
Eltd1,-12.6,-3.66,-10.0,6.52E-7,4.14E-4,-6.27,-2.65,-8.18,4.88E-6,5.91E-4,-2.01,-1.01,-2.35,0.038,0.211
Emb,-2.28,-1.19,-7.09,1.89E-5,0.00401,1.21,0.276,1.76,0.105,0.3,-2.76,-1.46,-8.7,2.66E-6,6.31E-4
Emid1,4.78,2.26,5.47,1.87E-4,0.0174,2.29,1.2,2.74,0.0191,0.11,2.09,1.06,3.05,0.0109,0.109
Eml4,-1.01,-0.0187,-0.097,0.924,0.983,1.99,0.991,5.28,2.5E-4,0.00822,-2.01,-1.01,-5.53,1.71E-4,0.01
Eno1,-1.13,-0.174,-1.2,0.253,0.657,1.9,0.928,6.66,3.33E-5,0.00239,-2.15,-1.1,-8.03,5.78E-6,0.001
Enpp4,1.64,0.715,1.36,0.201,0.603,4.52,2.18,4.37,0.00108,0.0202,-2.76,-1.46,-3.45,0.00536,0.0762
Epb4.1l4b,1.04,0.0546,0.204,0.842,0.96,-4.02,-2.01,-5.41,2.05E-4,0.00745,4.17,2.06,5.5,1.77E-4,0.01
Eps15,1.5,0.582,1.4,0.189,0.591,2.87,1.52,3.78,0.00301,0.0377,-1.92,-0.941,-2.63,0.0231,0.165
Erbb2ip,1.78,0.836,2.91,0.0141,0.196,2.96,1.57,5.52,1.74E-4,0.00661,-1.66,-0.731,-2.92,0.0137,0.124
Erh,-1.15,-0.204,-1.04,0.32,0.711,-2.04,-1.03,-4.53,8.34E-4,0.0169,1.77,0.825,3.62,0.00396,0.066
Erlin1,-1.46,-0.548,-1.62,0.133,0.518,-4.96,-2.31,-4.79,5.44E-4,0.013,3.39,1.76,3.53,0.00459,0.0706
Ero1l,2.6,1.38,4.28,0.00125,0.06,8.07,3.01,9.87,7.59E-7,2.31E-4,-3.1,-1.63,-6.56,3.81E-5,0.00365
Erp29,1.26,0.338,1.48,0.166,0.561,-2.58,-1.37,-4.68,6.5E-4,0.0145,3.26,1.71,5.9,9.83E-5,0.00722
Esyt1,2.3,1.2,6.07,7.66E-5,0.0104,4.93,2.3,11.9,1.12E-7,7.79E-5,-2.14,-1.1,-6.95,2.25E-5,0.00245
Esyt2,1.2,0.268,0.825,0.427,0.779,3.93,1.97,6.54,3.97E-5,0.00258,-3.26,-1.71,-6.12,7.15E-5,0.00567
Etnk1,-1.23,-0.298,-1.29,0.223,0.628,-2.24,-1.16,-4.18,0.00149,0.0246,1.82,0.863,3.11,0.00986,0.106
Ets1,-1.08,-0.112,-0.116,0.91,0.977,19.4,4.28,8.07,5.54E-6,6.3E-4,-20.9,-4.39,-4.63,7.07E-4,0.0246
Etv3,2.95,1.56,3.37,0.00619,0.132,4.03,2.01,4.37,0.00109,0.0202,-1.36,-0.447,-1.31,0.216,0.497
Exo1,-2.69,-1.43,-3.95,0.00221,0.0812,-3.37,-1.75,-4.33,0.00116,0.0211,1.25,0.325,0.738,0.476,0.719
Exoc5,2.01,1.01,3.01,0.0117,0.179,2.32,1.22,3.58,0.00424,0.0463,-1.15,-0.206,-0.69,0.504,0.739
Exosc8,-1.48,-0.565,-1.8,0.0989,0.462,-2.63,-1.4,-3.77,0.00303,0.0378,1.78,0.832,2.19,0.051,0.243
Ezh1,1.24,0.306,0.71,0.493,0.813,2.83,1.5,3.63,0.00389,0.0443,-2.29,-1.2,-3.22,0.00808,0.0955
F2r,3.1,1.63,2.61,0.0241,0.258,16.5,4.05,6.64,3.44E-5,0.0024,-5.32,-2.41,-8.01,5.93E-6,0.001
Faah,2.34,1.23,3.41,0.00577,0.13,11.9,3.57,10.5,4.12E-7,1.65E-4,-5.08,-2.34,-9.84,7.82E-7,2.84E-4
Fam102a,1.27,0.349,0.83,0.424,0.778,5.86,2.55,6.67,3.32E-5,0.00239,-4.6,-2.2,-6.48,4.27E-5,0.00387
Fam111a,-1.53,-0.614,-2.54,0.0273,0.269,-2.34,-1.23,-4.39,0.00104,0.0196,1.53,0.613,2.14,0.0556,0.253
Fam129a,3.8,1.92,3.47,0.00513,0.123,34.1,5.09,9.77,8.46E-7,2.39E-4,-8.99,-3.17,-9.31,1.36E-6,4.32E-4
Fam134b,-4.62,-2.21,-5.53,1.7E-4,0.0171,-3.36,-1.75,-4.57,7.81E-4,0.0163,-1.38,-0.46,-0.994,0.341,0.606
Fam134c,-1.15,-0.199,-0.497,0.629,0.883,2.43,1.28,3.43,0.00553,0.0539,-2.79,-1.48,-4.04,0.0019,0.0436
Fam189b,6.96,2.8,6.69,3.21E-5,0.00544,6.77,2.76,6.6,3.63E-5,0.00251,1.03,0.0403,0.149,0.884,0.948
Fam20b,1.74,0.801,2.19,0.0505,0.347,2.67,1.42,3.92,0.00232,0.0323,-1.53,-0.617,-1.93,0.0791,0.301
Fam65a,-1.4,-0.484,-1.88,0.0872,0.442,-3.93,-1.97,-5.86,1.04E-4,0.00457,2.81,1.49,4.3,0.00122,0.0336
Fam69b,-3.77,-1.92,-3.73,0.00325,0.0994,-3.72,-1.89,-3.57,0.00432,0.0469,-1.01,-0.0202,-0.0319,0.975,0.99
Farsa,1.53,0.61,2.63,0.0233,0.254,-1.58,-0.658,-2.39,0.0353,0.16,2.41,1.27,4.77,5.6E-4,0.0215
Fbxo33,1.76,0.815,1.18,0.261,0.665,6.57,2.72,4.12,0.00165,0.0263,-3.74,-1.9,-4.25,0.00134,0.036
Fbxw7,2.4,1.27,2.23,0.0474,0.337,4.06,2.02,3.63,0.0039,0.0443,-1.69,-0.757,-2.09,0.0606,0.262
Fcer1g,4.61,2.21,8.4,3.74E-6,0.00146,2.63,1.4,5.04,3.61E-4,0.0102,1.75,0.811,3.61,0.00401,0.066
Fgl2,6.93,2.79,4.79,5.45E-4,0.0358,5.59,2.48,4.29,0.00124,0.0219,1.24,0.309,1.05,0.316,0.583
Fh1,-1.72,-0.783,-3.05,0.0109,0.173,-2.32,-1.22,-4.21,0.00143,0.0239,1.35,0.433,1.44,0.177,0.451
Fli1,1.13,0.179,0.643,0.533,0.833,3.33,1.74,6.68,3.24E-5,0.00238,-2.94,-1.56,-6.26,5.83E-5,0.00493
Flna,2.02,1.01,5.64,1.44E-4,0.0147,2.29,1.19,6.51,4.14E-5,0.0026,-1.13,-0.181,-1.12,0.286,0.557
Flt3,-7.34,-2.88,-12.3,7.96E-8,1.01E-4,-209.0,-7.71,-4.23,0.00136,0.0232,28.5,4.83,2.64,0.0229,0.165
Fnbp1,2.63,1.39,4.15,0.00158,0.0683,5.43,2.44,7.44,1.2E-5,0.0012,-2.06,-1.05,-3.89,0.00247,0.0502
Fnbp4,1.69,0.761,2.21,0.0487,0.341,-1.96,-0.968,-2.14,0.0549,0.209,3.31,1.73,3.9,0.00243,0.0498
Foxj3,1.78,0.832,1.88,0.0869,0.442,3.85,1.94,4.54,8.2E-4,0.0168,-2.16,-1.11,-3.18,0.0086,0.099
Frmd6,-5.01,-2.32,-4.15,0.00156,0.0683,-5.31,-2.41,-4.59,7.56E-4,0.016,1.06,0.0854,0.128,0.9,0.956
Furin,1.99,0.992,2.86,0.0154,0.206,4.93,2.3,6.94,2.29E-5,0.00188,-2.48,-1.31,-4.61,7.34E-4,0.0249
Fut7,2.7,1.43,5.0,3.88E-4,0.0295,1.54,0.622,2.0,0.0699,0.239,1.75,0.811,3.02,0.0114,0.113
Fyn,-1.42,-0.51,-1.48,0.166,0.561,2.25,1.17,3.74,0.00317,0.0387,-3.2,-1.68,-5.19,2.86E-4,0.0141
Gabarapl1,-2.31,-1.21,-3.28,0.00727,0.142,-2.99,-1.58,-3.78,0.00298,0.0374,1.29,0.369,0.826,0.426,0.681
Galk2,1.08,0.114,0.311,0.762,0.935,2.79,1.48,4.29,0.00124,0.0219,-2.58,-1.37,-4.09,0.00175,0.0409
Galnt1,1.15,0.197,1.19,0.26,0.665,2.62,1.39,8.66,2.79E-6,4.09E-4,-2.28,-1.19,-7.88,7.01E-6,0.0011
Galnt12,-1.63,-0.703,-0.916,0.379,0.75,7.2,2.85,6.22,6.22E-5,0.00333,-11.7,-3.55,-4.8,5.37E-4,0.0213
Gapt,2.56,1.36,4.49,8.86E-4,0.0483,-3.32,-1.73,-3.06,0.0108,0.0784,8.52,3.09,5.39,2.1E-4,0.0116
Gas5,-1.41,-0.491,-1.68,0.121,0.501,-2.34,-1.23,-3.63,0.00389,0.0443,1.67,0.738,2.12,0.057,0.256
Gata3,201.0,7.65,3.84,0.00267,0.0884,948.0,9.89,4.98,3.98E-4,0.0106,-4.73,-2.24,-7.1,1.86E-5,0.00211
Gclc,1.37,0.453,1.49,0.165,0.561,11.6,3.54,13.2,3.82E-8,4.85E-5,-8.49,-3.09,-12.4,7.55E-8,1.44E-4
Gcnt1,3.35,1.74,2.82,0.0166,0.216,8.11,3.02,5.0,3.9E-4,0.0106,-2.42,-1.28,-3.83,0.00273,0.0527
Gfm1,1.24,0.305,1.07,0.308,0.703,-2.08,-1.05,-3.03,0.0113,0.0811,2.56,1.36,3.99,0.00207,0.0459
Gimap5,3.37,1.75,2.7,0.0204,0.24,5.56,2.47,3.89,0.00247,0.0337,-1.65,-0.723,-1.81,0.098,0.336
Glipr2,-3.96,-1.98,-3.16,0.00895,0.157,1.44,0.526,1.27,0.23,0.471,-5.7,-2.51,-3.98,0.00211,0.0465
Gm1966,-3.12,-1.64,-3.65,0.00375,0.106,-5.88,-2.56,-4.46,9.38E-4,0.0185,1.89,0.915,1.44,0.177,0.451
Gm2a,-2.51,-1.33,-4.58,7.63E-4,0.0437,1.01,0.019,0.0712,0.945,0.976,-2.54,-1.35,-4.54,8.17E-4,0.0266
Gna12,2.1,1.07,4.52,8.48E-4,0.0475,1.28,0.356,1.38,0.195,0.428,1.64,0.716,3.04,0.0111,0.111
Gnai3,1.66,0.731,3.6,0.00409,0.112,2.61,1.39,6.84,2.63E-5,0.00206,-1.57,-0.655,-3.54,0.00451,0.0701
Gng12,-1.32,-0.398,-1.59,0.14,0.526,-4.09,-2.03,-6.08,7.52E-5,0.00369,3.1,1.63,4.77,5.62E-4,0.0215
Gnl3,-1.18,-0.237,-0.623,0.546,0.839,-3.9,-1.96,-3.84,0.00268,0.0354,3.31,1.72,3.32,0.00675,0.0876
Gnptab,-2.17,-1.12,-3.39,0.00591,0.13,-4.84,-2.28,-5.36,2.19E-4,0.00765,2.23,1.16,2.6,0.0246,0.17
Golga3,3.01,1.59,3.16,0.00889,0.156,3.41,1.77,3.52,0.00472,0.0491,-1.13,-0.182,-0.463,0.652,0.83
Golph3l,-2.3,-1.2,-3.16,0.00893,0.157,1.28,0.357,1.08,0.302,0.542,-2.94,-1.56,-4.13,0.00163,0.0398
Gpr171,-1.44,-0.528,-2.61,0.0242,0.258,-3.99,-2.0,-7.59,9.99E-6,0.00103,2.77,1.47,5.42,2.0E-4,0.0112
Gpr56,-1.15,-0.2,-0.81,0.435,0.785,-25.9,-4.69,-8.18,4.88E-6,5.91E-4,22.5,4.49,7.57,1.02E-5,0.00137
Gpr65,1.16,0.215,0.513,0.618,0.877,5.53,2.47,6.52,4.05E-5,0.0026,-4.77,-2.25,-6.54,3.96E-5,0.00368
Gpr97,-1.87,-0.9,-5.22,2.75E-4,0.0228,-10.4,-3.37,-12.1,9.63E-8,7.79E-5,5.56,2.47,8.5,3.36E-6,7.27E-4
Gpx1,-1.17,-0.224,-1.21,0.25,0.656,-2.91,-1.54,-6.78,2.85E-5,0.0022,2.49,1.32,5.73,1.26E-4,0.00797
Gramd1b,8.07,3.01,2.36,0.0378,0.313,22.1,4.47,3.55,0.0045,0.0481,-2.74,-1.45,-3.01,0.0117,0.114
Grb2,2.93,1.55,7.83,7.4E-6,0.00217,1.32,0.402,1.83,0.0937,0.281,2.22,1.15,5.87,1.02E-4,0.00726
Grn,1.67,0.739,3.09,0.0102,0.167,-2.37,-1.24,-4.01,0.002,0.0298,3.95,1.98,6.56,3.86E-5,0.00365
Gtpbp4,1.39,0.475,1.75,0.107,0.473,-1.97,-0.976,-2.95,0.013,0.0872,2.73,1.45,4.47,9.24E-4,0.0287
Gyg,2.92,1.55,5.06,3.5E-4,0.0275,2.0,0.999,3.1,0.00997,0.0749,1.46,0.547,1.99,0.0713,0.285
H1f0,1.45,0.531,1.51,0.159,0.553,2.45,1.29,3.75,0.00313,0.0386,-1.7,-0.762,-2.48,0.0305,0.189
H2-Aa,28.6,4.84,2.83,0.0161,0.212,62.9,5.98,3.52,0.00469,0.049,-2.2,-1.14,-3.53,0.00465,0.0711
H2-DMa,-1.74,-0.798,-3.33,0.00662,0.136,-6.12,-2.61,-7.75,8.18E-6,8.9E-4,3.52,1.81,5.17,2.96E-4,0.0143
H2-Ob,-2.06,-1.04,-4.42,0.001,0.0509,-4.35,-2.12,-7.17,1.71E-5,0.00159,2.11,1.08,3.45,0.00535,0.0762
H2afy,-1.69,-0.758,-8.19,4.79E-6,0.00174,-6.03,-2.59,-20.4,3.47E-10,2.64E-6,3.57,1.84,13.9,2.16E-8,8.22E-5
Haao,-1.27,-0.346,-1.0,0.337,0.723,-3.32,-1.73,-3.66,0.00369,0.0427,2.62,1.39,2.85,0.0156,0.133
Hat1,-1.37,-0.456,-1.92,0.081,0.426,-2.14,-1.1,-4.0,0.00204,0.0301,1.56,0.644,2.3,0.0414,0.22
Heca,-1.61,-0.684,-1.36,0.199,0.6,2.76,1.46,3.71,0.0034,0.0405,-4.43,-2.15,-4.63,7.09E-4,0.0246
Hectd1,1.81,0.86,2.55,0.0269,0.268,3.78,1.92,5.86,1.03E-4,0.00456,-2.09,-1.06,-3.66,0.00368,0.063
Hells,-1.9,-0.923,-2.45,0.0322,0.291,-4.0,-2.0,-4.25,0.00132,0.0226,2.11,1.08,2.19,0.0506,0.242
Herc4,1.13,0.175,0.476,0.643,0.888,3.52,1.82,5.34,2.28E-4,0.00786,-3.12,-1.64,-5.1,3.28E-4,0.0155
Hes6,-1.51,-0.598,-2.69,0.0207,0.241,-3.25,-1.7,-6.15,6.82E-5,0.00352,2.15,1.1,3.87,0.00255,0.0509
Hif1a,1.98,0.983,4.33,0.00116,0.0579,2.78,1.47,6.48,4.3E-5,0.00263,-1.41,-0.491,-2.5,0.0291,0.184
Hipk2,2.74,1.45,3.33,0.00661,0.136,-1.32,-0.395,-0.762,0.462,0.685,3.61,1.85,3.9,0.00242,0.0498
Hk1,-1.55,-0.629,-2.17,0.0525,0.352,1.53,0.612,2.22,0.0479,0.193,-2.36,-1.24,-4.38,0.00106,0.0309
Hmga1,-1.22,-0.283,-0.998,0.339,0.724,-3.67,-1.88,-5.03,3.72E-4,0.0104,3.02,1.59,4.18,0.00148,0.0382
Hmgb3,-1.29,-0.368,-1.44,0.177,0.577,-3.49,-1.8,-5.58,1.58E-4,0.00622,2.71,1.44,4.33,0.00116,0.033
Hmha1,1.94,0.959,3.93,0.00229,0.0825,2.36,1.24,4.98,4.0E-4,0.0106,-1.21,-0.278,-1.24,0.24,0.518
Hn1l,-1.79,-0.841,-3.7,0.00344,0.102,-2.75,-1.46,-5.56,1.61E-4,0.00634,1.54,0.621,2.27,0.0437,0.226
Hnrnpa1,-1.08,-0.112,-0.807,0.437,0.786,-3.03,-1.6,-9.18,1.57E-6,2.98E-4,2.8,1.49,8.48,3.44E-6,7.27E-4
Hnrnpab,-1.09,-0.126,-0.837,0.42,0.774,-2.2,-1.14,-6.49,4.26E-5,0.00263,2.02,1.01,5.76,1.2E-4,0.00776
Hnrnpdl,-1.33,-0.412,-1.26,0.232,0.638,-4.7,-2.23,-4.82,5.14E-4,0.0127,3.53,1.82,3.85,0.00266,0.0522
Hnrnpll,1.32,0.404,1.21,0.251,0.656,3.57,1.84,5.84,1.07E-4,0.00464,-2.7,-1.43,-5.04,3.65E-4,0.017
Hp,42.4,5.41,3.36,0.00621,0.133,4.01,2.01,1.27,0.229,0.47,10.6,3.4,5.86,1.04E-4,0.00726
Hspbp1,-2.12,-1.08,-3.61,0.00399,0.11,-2.86,-1.51,-4.36,0.00109,0.0202,1.35,0.433,1.18,0.263,0.537
Hvcn1,3.82,1.93,4.86,4.86E-4,0.0328,3.53,1.82,4.48,9.07E-4,0.0181,1.08,0.117,0.383,0.709,0.86
Ibtk,-1.29,-0.372,-1.1,0.293,0.694,-4.09,-2.03,-4.51,8.6E-4,0.0173,3.16,1.66,3.59,0.00418,0.0676
Id2,48.0,5.59,10.9,2.69E-7,2.05E-4,116.0,6.86,13.6,2.86E-8,4.85E-5,-2.42,-1.27,-9.36,1.3E-6,4.29E-4
Idh2,-1.21,-0.272,-1.59,0.14,0.526,-3.87,-1.95,-8.84,2.29E-6,3.55E-4,3.2,1.68,7.46,1.17E-5,0.00154
Idh3g,-1.39,-0.473,-2.45,0.0322,0.291,-2.23,-1.15,-5.19,2.87E-4,0.00879,1.6,0.682,3.01,0.0117,0.114
Ifitm2,-4.27,-2.09,-6.19,6.42E-5,0.00955,-17.0,-4.09,-4.66,6.7E-4,0.0148,3.99,2.0,2.19,0.0511,0.243
Ifnar2,-1.42,-0.508,-1.98,0.073,0.405,-2.4,-1.26,-4.19,0.00146,0.0243,1.69,0.754,2.45,0.0319,0.193
Ifngr1,-1.13,-0.18,-0.782,0.45,0.794,3.8,1.93,9.2,1.54E-6,2.98E-4,-4.31,-2.11,-10.2,5.51E-7,2.47E-4
Ighm,-2.71,-1.44,-7.67,9.07E-6,0.00246,-4.29,-2.1,-9.52,1.09E-6,2.59E-4,1.58,0.662,2.8,0.0169,0.14
Il10ra,1.14,0.186,0.695,0.501,0.818,-5.14,-2.36,-5.02,3.75E-4,0.0104,5.85,2.55,5.31,2.38E-4,0.0127
Il10rb,-5.22,-2.38,-5.51,1.76E-4,0.0172,-8.08,-3.01,-5.38,2.14E-4,0.00754,1.55,0.63,0.977,0.349,0.615
Il16,-2.15,-1.1,-5.01,3.83E-4,0.0295,-1.24,-0.311,-1.44,0.179,0.407,-1.73,-0.793,-3.43,0.00555,0.078
Il17ra,-3.5,-1.81,-8.72,2.6E-6,0.00124,-2.12,-1.08,-5.3,2.41E-4,0.00809,-1.65,-0.726,-3.16,0.00896,0.101
Il17rb,1.22,0.292,0.508,0.621,0.88,18.5,4.21,8.46,3.53E-6,4.41E-4,-15.1,-3.92,-9.46,1.17E-6,4.05E-4
Il18r1,2.74,1.46,0.822,0.429,0.781,37.4,5.22,2.96,0.0129,0.0869,-13.6,-3.77,-6.43,4.58E-5,0.00411
Il27ra,1.63,0.702,1.37,0.198,0.598,8.27,3.05,6.55,3.9E-5,0.00258,-5.08,-2.35,-5.86,1.04E-4,0.00726
Il2rg,1.38,0.461,1.52,0.156,0.55,7.62,2.93,10.6,3.76E-7,1.59E-4,-5.53,-2.47,-10.1,6.24E-7,2.5E-4
Il6st,-4.39,-2.13,-3.21,0.00813,0.15,-13.8,-3.79,-6.91,2.39E-5,0.00194,3.15,1.65,2.11,0.0582,0.258
Il7r,-2.84,-1.51,-1.49,0.164,0.56,5.74,2.52,5.74,1.24E-4,0.00524,-16.3,-4.03,-3.93,0.00228,0.0483
Inpp5f,-1.99,-0.996,-2.09,0.0605,0.374,-4.05,-2.02,-3.59,0.00415,0.0459,2.03,1.02,1.7,0.117,0.368
Ints1,-1.51,-0.591,-2.56,0.0263,0.267,-3.13,-1.65,-5.73,1.26E-4,0.0053,2.08,1.06,3.58,0.00424,0.0682
Ipo11,-1.83,-0.872,-3.18,0.00862,0.155,1.16,0.218,0.837,0.42,0.654,-2.13,-1.09,-3.98,0.0021,0.0464
Irf8,-1.23,-0.297,-1.52,0.156,0.55,-14.2,-3.83,-10.1,6.12E-7,2.03E-4,11.6,3.53,8.99,1.93E-6,5.39E-4
Irgm1,-1.97,-0.978,-3.36,0.00625,0.133,1.26,0.333,1.24,0.242,0.485,-2.48,-1.31,-4.54,8.16E-4,0.0266
Irgm2,1.48,0.567,1.23,0.244,0.649,4.38,2.13,4.89,4.63E-4,0.0118,-2.96,-1.56,-4.47,9.13E-4,0.0286
Itga4,4.38,2.13,10.7,3.22E-7,2.23E-4,1.61,0.684,3.12,0.00962,0.0737,2.72,1.45,7.67,9.01E-6,0.00127
Itgal,1.18,0.242,1.01,0.335,0.721,3.46,1.79,7.85,7.19E-6,7.94E-4,-2.92,-1.55,-7.27,1.5E-5,0.00182
Itgb2,3.05,1.61,4.46,9.41E-4,0.0491,5.02,2.33,6.52,4.08E-5,0.0026,-1.65,-0.72,-2.57,0.026,0.175
Itgb3,32.5,5.02,2.85,0.0157,0.208,352.0,8.46,4.78,5.52E-4,0.0131,-10.8,-3.44,-11.2,2.02E-7,1.72E-4
Itgb7,8.82,3.14,11.1,2.36E-7,2.0E-4,8.54,3.09,10.9,2.83E-7,1.51E-4,1.03,0.0458,0.242,0.813,0.913
Itm2c,2.04,1.03,3.98,0.00209,0.079,5.52,2.47,9.93,7.14E-7,2.27E-4,-2.71,-1.44,-7.17,1.7E-5,0.00202
Itpr2,2.75,1.46,1.69,0.118,0.495,12.3,3.62,4.34,0.00114,0.0209,-4.46,-2.16,-4.69,6.36E-4,0.0229
Jak1,2.13,1.09,5.9,9.84E-5,0.0118,3.18,1.67,9.03,1.85E-6,3.2E-4,-1.49,-0.575,-3.52,0.00473,0.0718
Jak2,2.08,1.06,2.74,0.0191,0.234,3.36,1.75,4.58,7.63E-4,0.0161,-1.61,-0.691,-2.1,0.0594,0.261
Jarid2,2.56,1.36,5.51,1.76E-4,0.0172,2.55,1.35,5.36,2.19E-4,0.00765,1.0,0.00347,0.0156,0.988,0.994
Kansl2,-1.05,-0.0653,-0.281,0.784,0.943,-2.41,-1.27,-4.44,9.58E-4,0.0188,2.31,1.21,4.21,0.00142,0.0373
Kbtbd2,1.08,0.114,0.461,0.654,0.893,2.05,1.03,4.3,0.00122,0.0217,-1.89,-0.92,-3.96,0.00217,0.0469
Kcnab2,1.53,0.617,2.46,0.0315,0.288,2.13,1.09,4.33,0.00117,0.0211,-1.39,-0.471,-2.09,0.0605,0.262
Kdm7a,3.13,1.65,2.2,0.05,0.346,7.76,2.96,4.02,0.00197,0.0297,-2.48,-1.31,-3.74,0.00322,0.0581
Klf6,1.38,0.468,1.19,0.259,0.663,2.79,1.48,3.91,0.00238,0.033,-2.02,-1.01,-3.12,0.00964,0.105
Klrb1f,2.77,1.47,3.78,0.00297,0.0952,2.83,1.5,3.79,0.00293,0.0371,-1.02,-0.0276,-0.0905,0.93,0.968
Laptm4b,-1.21,-0.275,-0.72,0.487,0.81,2.26,1.18,3.31,0.00679,0.0608,-2.74,-1.45,-4.14,0.00161,0.0398
Lasp1,1.69,0.755,3.91,0.00238,0.0834,2.06,1.04,5.3,2.43E-4,0.00809,-1.22,-0.287,-1.62,0.132,0.389
Lat2,1.77,0.822,3.52,0.00474,0.122,-3.48,-1.8,-5.3,2.43E-4,0.00809,6.16,2.62,7.74,8.22E-6,0.00119
Lcp2,1.27,0.349,0.97,0.353,0.732,5.06,2.34,7.12,1.82E-5,0.00163,-3.97,-1.99,-6.42,4.66E-5,0.00412
Ldb1,-1.32,-0.403,-1.31,0.216,0.621,1.95,0.965,3.36,0.0063,0.0578,-2.58,-1.37,-4.76,5.66E-4,0.0215
Leprotl1,-1.26,-0.331,-1.03,0.325,0.712,1.84,0.883,2.91,0.014,0.0915,-2.32,-1.21,-4.02,0.00196,0.0444
Lfng,1.17,0.226,0.532,0.605,0.873,3.01,1.59,3.99,0.00206,0.0303,-2.58,-1.37,-3.71,0.00339,0.0601
Lgals9,-3.54,-1.82,-7.14,1.76E-5,0.00383,-4.95,-2.31,-7.73,8.36E-6,8.96E-4,1.4,0.484,1.48,0.167,0.439
Limk1,1.94,0.953,2.63,0.023,0.252,-2.88,-1.52,-2.5,0.0292,0.142,5.57,2.48,4.02,0.00198,0.0445
Lmo4,4.65,2.22,4.94,4.28E-4,0.0305,67.8,6.08,14.1,1.94E-8,4.85E-5,-14.6,-3.87,-17.1,2.42E-9,1.84E-5
Lonp2,1.32,0.399,1.39,0.193,0.593,3.79,1.92,7.09,1.89E-5,0.00163,-2.87,-1.52,-6.19,6.43E-5,0.00527
Lpar6,1.61,0.69,1.83,0.0942,0.452,9.14,3.19,9.36,1.29E-6,2.85E-4,-5.67,-2.5,-8.4,3.75E-6,7.32E-4
Lpcat4,2.94,1.56,2.16,0.0531,0.352,8.56,3.1,4.4,0.00103,0.0196,-2.91,-1.54,-4.61,7.26E-4,0.0249
Lpxn,3.18,1.67,2.68,0.0212,0.243,14.1,3.82,6.35,5.17E-5,0.00299,-4.44,-2.15,-6.35,5.12E-5,0.00449
Lsm3,-2.35,-1.23,-4.98,3.98E-4,0.0299,-4.47,-2.16,-7.02,2.07E-5,0.00175,1.9,0.927,2.83,0.0162,0.136
Ltb,3.2,1.68,1.18,0.262,0.666,122.0,6.93,4.87,4.74E-4,0.012,-38.0,-5.25,-10.9,2.74E-7,1.9E-4
Ly6e,1.92,0.944,5.81,1.12E-4,0.0121,2.71,1.44,8.6,2.98E-6,4.21E-4,-1.41,-0.496,-3.36,0.00626,0.0833
Lyn,1.37,0.454,1.61,0.135,0.519,-2.3,-1.2,-3.39,0.00598,0.0562,3.15,1.65,4.76,5.69E-4,0.0215
Lyz2,-7.85,-2.97,-8.57,3.09E-6,0.00138,-3.3,-1.72,-6.13,7.02E-5,0.00352,-2.38,-1.25,-3.21,0.00811,0.0956
Lztfl1,-1.16,-0.209,-0.369,0.719,0.918,6.22,2.64,5.85,1.05E-4,0.00459,-7.19,-2.85,-5.8,1.13E-4,0.00745
Mafk,-2.02,-1.01,-3.54,0.00454,0.12,-2.89,-1.53,-4.57,7.76E-4,0.0163,1.43,0.517,1.47,0.169,0.441
Maged1,-9.14,-3.19,-2.51,0.0288,0.276,3.56,1.83,3.89,0.00245,0.0337,-32.6,-5.02,-3.91,0.00238,0.0495
Malat1,2.45,1.29,4.62,7.13E-4,0.0415,2.79,1.48,5.21,2.79E-4,0.00863,-1.14,-0.19,-0.77,0.457,0.703
Map2k1,-1.18,-0.24,-0.838,0.42,0.774,1.78,0.831,3.02,0.0115,0.0815,-2.1,-1.07,-3.97,0.00216,0.0469
Map3k3,1.29,0.371,1.35,0.203,0.606,2.5,1.32,4.98,3.99E-4,0.0106,-1.93,-0.952,-3.87,0.00254,0.0509
Map3k5,-3.1,-1.63,-3.25,0.00767,0.146,1.44,0.524,1.47,0.17,0.394,-4.46,-2.16,-4.26,0.0013,0.0354
Map4,-1.17,-0.23,-0.819,0.43,0.781,5.72,2.52,10.3,5.04E-7,1.75E-4,-6.71,-2.75,-11.6,1.46E-7,1.72E-4
Mapk9,-1.82,-0.863,-2.92,0.0137,0.192,1.31,0.389,1.42,0.184,0.414,-2.38,-1.25,-4.32,0.00118,0.0332
March2,1.86,0.898,2.15,0.0541,0.355,2.94,1.56,3.78,0.00297,0.0374,-1.58,-0.658,-1.84,0.0921,0.325
Marcksl1,1.23,0.304,1.53,0.153,0.545,-3.58,-1.84,-6.79,2.81E-5,0.00219,4.41,2.14,7.87,7.09E-6,0.0011
Marveld1,2.04,1.03,1.7,0.117,0.495,4.75,2.25,4.02,0.00198,0.0297,-2.33,-1.22,-2.39,0.0358,0.205
Mast4,1.34,0.424,0.585,0.57,0.851,5.94,2.57,4.09,0.00174,0.0273,-4.43,-2.15,-3.9,0.00243,0.0498
Mbd2,1.36,0.441,1.64,0.13,0.513,2.04,1.03,3.84,0.00268,0.0354,-1.5,-0.588,-2.39,0.0355,0.205
Mbp,1.12,0.163,0.415,0.686,0.904,2.76,1.46,3.94,0.00225,0.0319,-2.46,-1.3,-3.7,0.00342,0.0601
Mcm6,-1.56,-0.644,-6.16,6.77E-5,0.00955,-2.02,-1.01,-8.71,2.64E-6,3.94E-4,1.29,0.369,3.09,0.0101,0.106
Mcm7,-1.25,-0.32,-1.78,0.103,0.467,-2.38,-1.25,-5.95,9.05E-5,0.00421,1.91,0.934,4.39,0.00105,0.0306
Mdfic,5.74,2.52,1.85,0.0917,0.448,35.7,5.16,3.88,0.00251,0.034,-6.22,-2.64,-4.09,0.00174,0.0409
Med1,-1.1,-0.142,-0.37,0.718,0.918,-4.61,-2.2,-3.57,0.00433,0.047,4.18,2.06,3.26,0.00754,0.0925
Med12,1.09,0.125,0.308,0.763,0.935,3.37,1.75,4.65,6.82E-4,0.015,-3.09,-1.63,-4.78,5.54E-4,0.0214
Mef2c,-3.33,-1.73,-6.16,6.72E-5,0.00955,-19.7,-4.3,-8.57,3.11E-6,4.23E-4,5.91,2.56,4.85,4.94E-4,0.0205
Mef2d,-1.52,-0.606,-2.54,0.0271,0.269,-2.59,-1.37,-4.86,4.82E-4,0.0121,1.7,0.765,2.64,0.0228,0.165
Metap2,1.5,0.586,2.94,0.0132,0.19,-1.34,-0.419,-1.85,0.0907,0.276,2.01,1.01,4.61,7.3E-4,0.0249
Mettl4,-1.79,-0.838,-0.978,0.349,0.73,3.08,1.62,3.74,0.00317,0.0387,-5.51,-2.46,-2.88,0.0147,0.13
Mfn2,-1.58,-0.658,-2.57,0.0257,0.266,1.34,0.422,1.72,0.112,0.312,-2.11,-1.08,-4.31,0.00119,0.0332
Mgat1,-2.11,-1.08,-5.32,2.34E-4,0.0205,-5.06,-2.34,-8.9,2.14E-6,3.54E-4,2.4,1.26,4.59,7.55E-4,0.0254
Mgat4a,-1.54,-0.627,-1.56,0.148,0.537,2.21,1.14,3.23,0.0079,0.0662,-3.41,-1.77,-4.67,6.57E-4,0.0234
Mier3,-3.17,-1.66,-4.65,6.84E-4,0.041,-1.49,-0.573,-1.69,0.118,0.321,-2.13,-1.09,-2.86,0.0153,0.132
Mif4gd,4.3,2.1,4.88,4.68E-4,0.0325,3.25,1.7,3.86,0.00259,0.0347,1.32,0.403,1.26,0.232,0.512
Mis12,-1.36,-0.441,-1.31,0.216,0.621,1.83,0.87,2.76,0.0182,0.108,-2.48,-1.31,-4.16,0.00155,0.0392
Mpeg1,-3.51,-1.81,-3.67,0.00362,0.104,-17.7,-4.15,-4.42,0.001,0.0193,5.05,2.34,2.36,0.0376,0.21
Mppe1,1.28,0.353,0.756,0.465,0.8,4.45,2.15,5.02,3.72E-4,0.0104,-3.48,-1.8,-4.78,5.47E-4,0.0213
Mrpl42,-1.14,-0.185,-0.711,0.492,0.813,-2.39,-1.26,-4.02,0.00196,0.0296,2.1,1.07,3.41,0.00573,0.0793
Msn,1.77,0.822,5.8,1.13E-4,0.0121,2.4,1.26,8.85,2.25E-6,3.55E-4,-1.36,-0.439,-3.44,0.0054,0.0766
Mta1,-1.3,-0.374,-1.32,0.212,0.618,-2.28,-1.19,-3.58,0.00423,0.0463,1.76,0.815,2.43,0.0334,0.199
Mtf2,-1.63,-0.708,-2.69,0.0207,0.241,-2.08,-1.06,-3.61,0.00405,0.0453,1.27,0.349,1.15,0.273,0.547
Mtfr2,-1.41,-0.498,-1.48,0.167,0.562,-3.01,-1.59,-3.66,0.00369,0.0427,2.13,1.09,2.44,0.0327,0.196
Myb,-1.6,-0.675,-3.46,0.00527,0.124,-6.95,-2.8,-9.72,8.87E-7,2.41E-4,4.35,2.12,7.12,1.82E-5,0.00211
Myc,-2.42,-1.27,-7.03,2.05E-5,0.0041,-5.67,-2.5,-10.6,3.69E-7,1.59E-4,2.34,1.23,4.92,4.43E-4,0.0188
Mycn,6.85,2.78,7.32,1.41E-5,0.00325,2.25,1.17,2.85,0.0155,0.098,3.04,1.6,4.94,4.29E-4,0.0188
Myh9,2.51,1.33,4.96,4.11E-4,0.0301,2.42,1.27,4.61,7.23E-4,0.0156,1.04,0.0552,0.235,0.818,0.915
Myo1c,-2.27,-1.18,-3.23,0.00794,0.147,-4.98,-2.32,-5.0,3.87E-4,0.0106,2.19,1.13,2.3,0.042,0.221
Myo1g,1.63,0.705,3.55,0.00445,0.119,2.18,1.12,5.6,1.54E-4,0.00616,-1.34,-0.417,-2.33,0.0396,0.215
Naa50,-1.47,-0.555,-2.39,0.0358,0.304,-2.71,-1.44,-5.15,3.05E-4,0.00912,1.85,0.886,3.1,0.00994,0.106
Napsa,1.58,0.655,3.35,0.00636,0.134,-3.24,-1.7,-6.33,5.32E-5,0.00305,5.11,2.35,8.83,2.29E-6,5.64E-4
Narf,2.01,1.01,3.07,0.0105,0.171,2.67,1.42,4.31,0.0012,0.0215,-1.33,-0.41,-1.45,0.175,0.448
Ncf1,1.34,0.427,2.07,0.0623,0.379,-11.6,-3.53,-6.13,6.98E-5,0.00352,15.5,3.96,6.66,3.33E-5,0.00325
Ncf2,1.16,0.217,0.627,0.544,0.839,-2.96,-1.56,-3.44,0.00543,0.0533,3.44,1.78,3.91,0.00239,0.0495
Nck2,-1.1,-0.143,-0.226,0.825,0.956,4.11,2.04,3.77,0.00302,0.0378,-4.53,-2.18,-4.12,0.00166,0.0398
Ncln,-1.06,-0.0873,-0.291,0.776,0.942,-2.62,-1.39,-3.75,0.00315,0.0387,2.46,1.3,3.5,0.00488,0.0734
Ncoa1,-1.03,-0.036,-0.0737,0.943,0.988,3.14,1.65,3.71,0.00337,0.0404,-3.22,-1.69,-3.92,0.00235,0.0491
Ncoa3,2.02,1.01,2.8,0.0172,0.218,2.65,1.4,3.87,0.00256,0.0344,-1.31,-0.393,-1.28,0.227,0.509
Ncoa4,1.27,0.346,1.69,0.118,0.495,-2.17,-1.12,-4.44,9.72E-4,0.0188,2.76,1.46,5.89,9.89E-5,0.00722
Ncoa7,-1.58,-0.664,-0.89,0.392,0.759,3.76,1.91,2.9,0.0143,0.0925,-5.97,-2.58,-4.21,0.00143,0.0374
Ndfip1,1.83,0.869,3.35,0.00634,0.134,4.39,2.13,8.57,3.08E-6,4.23E-4,-2.4,-1.26,-5.79,1.14E-4,0.00745
Ndufa4,-2.25,-1.17,-4.52,8.41E-4,0.0475,-2.48,-1.31,-4.64,6.88E-4,0.0151,1.1,0.143,0.475,0.644,0.825
Ndufb8,-1.46,-0.544,-2.14,0.0553,0.356,-2.02,-1.01,-3.5,0.00486,0.05,1.38,0.469,1.59,0.14,0.401
Nedd4,1.19,0.251,0.856,0.41,0.768,2.06,1.04,3.6,0.00408,0.0455,-1.73,-0.789,-2.85,0.0155,0.133
Nfam1,1.31,0.392,1.34,0.208,0.614,-2.92,-1.55,-3.89,0.00244,0.0336,3.84,1.94,4.93,4.34E-4,0.0188
Nfatc3,1.58,0.661,2.72,0.0197,0.237,3.25,1.7,7.17,1.69E-5,0.00159,-2.06,-1.04,-4.92,4.38E-4,0.0188
Nfe2,1.1,0.135,0.47,0.648,0.89,-2.4,-1.26,-3.52,0.00472,0.0491,2.63,1.4,3.92,0.00235,0.0491
Nfil3,7.22,2.85,4.69,6.4E-4,0.0393,1.12,0.164,0.228,0.824,0.917,6.45,2.69,4.43,9.79E-4,0.0298
Nfkb1,5.97,2.58,12.5,6.89E-8,1.01E-4,1.15,0.208,0.858,0.409,0.644,5.17,2.37,11.2,2.03E-7,1.72E-4
Ngly1,1.13,0.182,0.526,0.609,0.875,2.69,1.43,4.36,0.0011,0.0202,-2.37,-1.25,-3.94,0.00225,0.048
Ninj1,1.24,0.316,0.976,0.35,0.73,-4.27,-2.1,-3.66,0.00365,0.0423,5.32,2.41,4.11,0.00169,0.04
Nkg7,2.9,1.54,4.07,0.00181,0.0727,3.54,1.82,4.79,5.42E-4,0.013,-1.22,-0.288,-0.914,0.38,0.64
Nme4,-1.28,-0.357,-1.33,0.209,0.615,-3.02,-1.59,-4.75,5.77E-4,0.0135,2.35,1.24,3.62,0.00394,0.0659
Nmral1,-2.27,-1.18,-3.2,0.00839,0.153,-4.06,-2.02,-4.32,0.00118,0.0212,1.79,0.839,1.68,0.12,0.373
Nnt,-1.06,-0.0861,-0.365,0.722,0.92,-2.02,-1.01,-3.68,0.00357,0.0418,1.9,0.926,3.37,0.00615,0.0828
Nop10,-1.45,-0.537,-2.55,0.027,0.268,-2.13,-1.09,-4.55,8.04E-4,0.0166,1.47,0.554,2.26,0.0451,0.23
Nop16,-1.32,-0.4,-1.5,0.161,0.556,-2.14,-1.1,-3.58,0.00424,0.0463,1.62,0.699,2.25,0.0459,0.232
Notch1,-7.09,-2.82,-8.13,5.14E-6,0.00177,-7.99,-3.0,-7.42,1.23E-5,0.00121,1.13,0.174,0.371,0.718,0.864
Npm1,-1.2,-0.257,-1.48,0.167,0.562,-2.12,-1.09,-5.45,1.92E-4,0.00719,1.78,0.83,4.13,0.00163,0.0398
Nrgn,4.74,2.24,4.6,7.45E-4,0.043,3.0,1.59,3.19,0.00843,0.0686,1.58,0.658,1.96,0.0757,0.295
Nrip1,1.16,0.215,0.787,0.448,0.793,3.2,1.68,6.51,4.13E-5,0.0026,-2.76,-1.46,-6.09,7.41E-5,0.00582
Nrp1,-1.24,-0.312,-0.35,0.733,0.923,3.86,1.95,2.28,0.0432,0.183,-4.79,-2.26,-4.61,7.28E-4,0.0249
Nrros,-1.1,-0.135,-0.672,0.515,0.823,-3.02,-1.6,-6.4,4.77E-5,0.00284,2.75,1.46,5.85,1.06E-4,0.00728
Nsmce1,-2.27,-1.18,-4.44,9.72E-4,0.05,-2.57,-1.36,-4.64,6.93E-4,0.0151,1.13,0.181,0.576,0.576,0.788
Nt5dc2,-1.47,-0.558,-1.76,0.106,0.472,-3.04,-1.6,-4.12,0.00166,0.0264,2.06,1.04,2.61,0.0242,0.168
Nup210,1.31,0.386,1.74,0.11,0.478,-1.64,-0.715,-2.77,0.0181,0.107,2.15,1.1,4.4,0.00103,0.0303
Nup62,-1.56,-0.639,-3.34,0.00643,0.135,-2.71,-1.44,-6.41,4.76E-5,0.00284,1.74,0.799,3.47,0.00516,0.0748
Nup85,-1.08,-0.109,-0.53,0.607,0.874,-2.5,-1.32,-5.29,2.45E-4,0.0081,2.32,1.22,4.83,5.11E-4,0.0208
Ogfrl1,1.09,0.13,0.46,0.654,0.893,-2.68,-1.42,-4.0,0.00203,0.03,2.93,1.55,4.37,0.00109,0.0315
Ormdl3,1.25,0.317,0.588,0.568,0.851,7.05,2.82,5.73,1.27E-4,0.00531,-5.66,-2.5,-6.49,4.23E-5,0.00387
Osbpl3,3.31,1.73,4.47,9.16E-4,0.0491,6.09,2.61,6.89,2.45E-5,0.00194,-1.84,-0.879,-3.1,0.01,0.106
Osbpl5,3.52,1.82,3.3,0.007,0.141,6.28,2.65,4.92,4.4E-4,0.0114,-1.78,-0.835,-2.49,0.0299,0.187
P2rx7,9.01,3.17,5.45,1.93E-4,0.0177,4.99,2.32,3.89,0.00247,0.0338,1.81,0.854,2.05,0.0651,0.273
Pabpc1,1.14,0.19,1.29,0.224,0.628,-2.13,-1.09,-6.22,6.21E-5,0.00333,2.43,1.28,7.37,1.32E-5,0.00165
Padi2,3.07,1.62,5.86,1.05E-4,0.0121,1.09,0.13,0.41,0.689,0.839,2.81,1.49,5.29,2.46E-4,0.0129
Paics,-1.39,-0.471,-3.15,0.0091,0.158,-2.35,-1.23,-7.14,1.77E-5,0.00162,1.69,0.759,4.34,0.00115,0.0327
Palm,1.28,0.356,1.15,0.272,0.676,-3.8,-1.93,-4.14,0.00161,0.0259,4.86,2.28,4.83,5.07E-4,0.0208
Panx1,-1.05,-0.0762,-0.274,0.789,0.944,-3.17,-1.66,-4.67,6.64E-4,0.0147,3.01,1.59,4.4,0.00104,0.0304
Paox,1.28,0.353,1.1,0.294,0.695,2.23,1.16,3.68,0.00358,0.0419,-1.74,-0.803,-2.8,0.0172,0.14
Papd4,1.94,0.955,3.28,0.0072,0.142,-1.71,-0.77,-2.18,0.0518,0.201,3.31,1.73,5.07,3.46E-4,0.0163
Paqr7,1.75,0.811,1.43,0.18,0.581,4.02,2.01,3.68,0.00354,0.0417,-2.29,-1.19,-2.74,0.019,0.149
Pdgfrb,1.12,0.159,0.611,0.554,0.844,-4.97,-2.31,-5.87,1.02E-4,0.00451,5.55,2.47,6.19,6.4E-5,0.00527
Pdlim1,1.64,0.713,2.18,0.0515,0.349,3.58,1.84,5.87,1.02E-4,0.00451,-2.19,-1.13,-4.11,0.00167,0.0398
Pdrg1,-1.52,-0.604,-2.45,0.0319,0.29,-2.07,-1.05,-3.79,0.00291,0.0371,1.36,0.446,1.57,0.144,0.408
Pea15a,-2.01,-1.01,-1.44,0.178,0.579,4.07,2.02,4.01,0.00199,0.0297,-8.18,-3.03,-4.73,5.94E-4,0.0222
Pfkp,2.23,1.16,2.84,0.0159,0.21,3.8,1.93,4.8,5.31E-4,0.0128,-1.7,-0.766,-2.33,0.0393,0.215
Pgls,-1.61,-0.687,-3.48,0.00509,0.123,-3.74,-1.9,-7.68,8.89E-6,9.28E-4,2.33,1.22,4.73,5.98E-4,0.0222
Phf20,1.02,0.0255,0.0676,0.947,0.989,3.06,1.61,4.62,7.19E-4,0.0156,-3.0,-1.59,-4.74,5.84E-4,0.0219
Phf20l1,-1.69,-0.76,-2.17,0.0527,0.352,1.61,0.688,2.18,0.0518,0.201,-2.73,-1.45,-4.32,0.00118,0.0332
Phgdh,-1.79,-0.839,-4.31,0.0012,0.0584,-2.05,-1.04,-4.86,4.81E-4,0.0121,1.15,0.198,0.896,0.389,0.649
Phip,1.18,0.244,0.753,0.467,0.801,2.23,1.16,3.69,0.00351,0.0414,-1.89,-0.916,-3.12,0.00964,0.105
Pi4ka,1.38,0.462,1.56,0.146,0.534,2.97,1.57,5.52,1.72E-4,0.0066,-2.16,-1.11,-4.21,0.00141,0.0372
Pik3cd,1.86,0.899,5.29,2.47E-4,0.0212,2.08,1.05,6.03,8.07E-5,0.00386,-1.11,-0.156,-1.0,0.339,0.604
Pik3cg,-2.39,-1.26,-4.51,8.6E-4,0.0478,-1.39,-0.473,-1.73,0.11,0.309,-1.72,-0.786,-2.65,0.0224,0.163
Pik3r2,2.17,1.12,3.2,0.00828,0.152,2.37,1.24,3.5,0.00486,0.05,-1.09,-0.124,-0.416,0.685,0.846
Pim2,6.72,2.75,5.49,1.81E-4,0.0172,6.05,2.6,5.15,3.08E-4,0.00916,1.11,0.152,0.443,0.666,0.837
Pink1,1.21,0.28,1.27,0.229,0.634,2.28,1.19,5.53,1.7E-4,0.00658,-1.88,-0.909,-4.51,8.65E-4,0.0278
Pip4k2a,-2.07,-1.05,-4.82,5.21E-4,0.0345,-1.97,-0.98,-4.2,0.00144,0.0239,-1.05,-0.0669,-0.274,0.789,0.9
Pitpnm1,2.03,1.02,1.61,0.135,0.519,13.6,3.76,6.2,6.31E-5,0.00334,-6.68,-2.74,-7.97,6.26E-6,0.00104
Pkig,-2.1,-1.07,-2.73,0.0193,0.234,-3.36,-1.75,-3.61,0.00404,0.0453,1.61,0.683,1.32,0.214,0.494
Pkm,-1.17,-0.229,-1.64,0.129,0.511,1.79,0.842,6.24,6.0E-5,0.00329,-2.1,-1.07,-8.1,5.38E-6,9.75E-4
Pkn1,-1.11,-0.149,-0.428,0.677,0.9,2.26,1.17,3.59,0.0042,0.0461,-2.5,-1.32,-4.14,0.00159,0.0398
Pla2g15,-2.44,-1.28,-3.69,0.00349,0.102,-5.51,-2.46,-4.84,5.01E-4,0.0125,2.26,1.18,2.18,0.052,0.245
Plac8,-1.16,-0.218,-1.16,0.268,0.672,-22.1,-4.47,-11.2,2.03E-7,1.29E-4,19.0,4.25,10.3,4.79E-7,2.28E-4
Plcb4,-1.11,-0.148,-0.285,0.781,0.943,4.15,2.05,4.9,4.56E-4,0.0117,-4.6,-2.2,-4.79,5.46E-4,0.0213
Plcg1,-2.95,-1.56,-5.37,2.16E-4,0.0194,-3.48,-1.8,-5.36,2.2E-4,0.00765,1.18,0.24,0.656,0.525,0.757
Plcg2,1.02,0.0336,0.158,0.878,0.971,-2.45,-1.3,-5.0,3.86E-4,0.0106,2.51,1.33,5.16,3.02E-4,0.0145
Plekha2,1.2,0.267,0.852,0.412,0.769,2.62,1.39,4.61,7.32E-4,0.0157,-2.18,-1.12,-4.0,0.00202,0.0451
Plekhb2,-1.2,-0.268,-1.11,0.289,0.69,2.97,1.57,7.16,1.72E-5,0.00159,-3.58,-1.84,-8.42,3.67E-6,7.32E-4
Plekhm1,1.08,0.114,0.338,0.741,0.926,2.21,1.14,3.51,0.0048,0.0497,-2.04,-1.03,-3.55,0.00443,0.0695
Plekho2,1.48,0.566,2.09,0.0604,0.374,2.48,1.31,4.91,4.48E-4,0.0115,-1.67,-0.744,-3.11,0.00976,0.105
Plin3,-3.58,-1.84,-2.07,0.063,0.381,2.99,1.58,3.6,0.00408,0.0455,-10.7,-3.42,-3.82,0.00278,0.0531
Plk4,-2.26,-1.17,-3.15,0.00908,0.158,-3.37,-1.75,-4.03,0.00194,0.0295,1.49,0.579,1.25,0.237,0.517
Plxnb2,-1.07,-0.0932,-0.377,0.714,0.915,-12.2,-3.61,-3.83,0.00272,0.0357,11.4,3.51,3.63,0.00387,0.0651
Pmm2,-1.98,-0.986,-2.08,0.0618,0.378,1.92,0.943,2.46,0.0312,0.148,-3.81,-1.93,-4.23,0.00136,0.0366
Pnn,-1.05,-0.0728,-0.268,0.794,0.946,-2.28,-1.19,-3.61,0.00402,0.0453,2.16,1.11,3.4,0.00585,0.0802
Pnp,-1.94,-0.955,-2.57,0.0259,0.266,-3.02,-1.6,-3.6,0.00409,0.0455,1.56,0.641,1.37,0.198,0.477
Polr3f,2.43,1.28,2.34,0.0392,0.314,3.83,1.94,3.59,0.00417,0.0459,-1.58,-0.657,-1.7,0.117,0.369
Pom121,1.75,0.81,2.48,0.0301,0.281,-2.85,-1.51,-3.17,0.00875,0.0699,5.01,2.32,4.88,4.68E-4,0.0196
Ppfia1,2.48,1.31,3.89,0.00246,0.0842,-1.53,-0.612,-1.49,0.164,0.386,3.79,1.92,5.01,3.8E-4,0.0173
Ppm1b,1.76,0.819,2.87,0.0151,0.204,2.12,1.09,3.76,0.00311,0.0385,-1.2,-0.267,-1.01,0.333,0.599
Ppm1l,1.24,0.306,0.516,0.616,0.877,8.44,3.08,6.09,7.44E-5,0.00368,-6.83,-2.77,-6.01,8.38E-5,0.00652
Ppp1r18,-2.17,-1.12,-3.71,0.00334,0.0999,1.42,0.51,1.89,0.0844,0.266,-3.09,-1.63,-5.51,1.74E-4,0.01
Ppt2,1.8,0.852,0.911,0.382,0.752,7.87,2.98,3.51,0.0048,0.0497,-4.36,-2.13,-3.41,0.00575,0.0794
Prdx6,-1.78,-0.832,-4.66,6.74E-4,0.0408,1.49,0.578,3.42,0.00564,0.0545,-2.66,-1.41,-8.03,5.83E-6,0.001
Prkch,2.29,1.19,3.42,0.0056,0.128,2.79,1.48,4.2,0.00143,0.0239,-1.22,-0.286,-0.905,0.385,0.645
Prkcq,1.79,0.837,1.92,0.0811,0.426,11.1,3.47,8.74,2.54E-6,3.87E-4,-6.2,-2.63,-8.1,5.35E-6,9.75E-4
Prkd3,1.0,0.00433,0.0138,0.989,0.998,2.36,1.24,4.15,0.00158,0.0256,-2.35,-1.23,-4.3,0.00123,0.0337
Prr13,3.47,1.79,6.37,5.0E-5,0.00793,7.25,2.86,10.4,4.48E-7,1.68E-4,-2.09,-1.06,-4.99,3.91E-4,0.0177
Prrc1,3.14,1.65,5.1,3.3E-4,0.0267,1.83,0.874,2.51,0.0286,0.141,1.71,0.777,2.59,0.025,0.172
Psd4,1.37,0.449,1.83,0.094,0.452,2.4,1.26,5.21,2.77E-4,0.00861,-1.76,-0.813,-3.61,0.00399,0.066
Psma6,-1.15,-0.198,-0.832,0.423,0.777,-2.16,-1.11,-3.98,0.0021,0.0304,1.88,0.912,3.25,0.00759,0.0928
Pten,-1.22,-0.292,-1.37,0.198,0.599,-2.07,-1.05,-4.26,0.00131,0.0225,1.69,0.756,3.05,0.0109,0.109
Ptger1,1.97,0.976,1.85,0.0915,0.448,3.49,1.8,3.53,0.00465,0.0486,-1.77,-0.828,-1.89,0.0844,0.312
Ptk2b,1.57,0.652,1.83,0.0934,0.452,2.41,1.27,3.59,0.00414,0.0458,-1.53,-0.616,-1.91,0.0827,0.309
Ptp4a3,-3.04,-1.6,-7.19,1.65E-5,0.0037,-5.08,-2.34,-8.48,3.41E-6,4.33E-4,1.67,0.739,2.47,0.0311,0.191
Ptpn2,1.27,0.348,1.06,0.313,0.708,2.19,1.13,3.52,0.00468,0.0489,-1.72,-0.783,-2.57,0.026,0.175
Ptpn22,1.39,0.48,1.16,0.271,0.674,4.2,2.07,5.33,2.3E-4,0.00786,-3.01,-1.59,-4.62,7.11E-4,0.0246
Ptpn6,1.47,0.553,2.97,0.0126,0.187,-2.22,-1.15,-5.01,3.82E-4,0.0105,3.26,1.7,7.57,1.02E-5,0.00137
Ptpre,1.23,0.3,1.17,0.265,0.669,-1.85,-0.887,-2.93,0.0136,0.0901,2.28,1.19,4.02,0.00197,0.0445
Pxk,-1.09,-0.124,-0.161,0.875,0.971,3.31,1.73,4.22,0.0014,0.0236,-3.61,-1.85,-2.4,0.0347,0.203
Qk,1.52,0.603,2.8,0.0172,0.218,-1.76,-0.819,-3.13,0.00941,0.0725,2.68,1.42,5.64,1.43E-4,0.00867
Qsox1,1.24,0.311,0.812,0.434,0.784,2.65,1.41,3.83,0.00272,0.0357,-2.14,-1.09,-3.23,0.00792,0.0946
Rab27a,1.93,0.949,3.24,0.00781,0.146,-1.33,-0.416,-1.21,0.251,0.495,2.58,1.37,4.25,0.00132,0.0358
Rab37,2.29,1.19,3.8,0.00289,0.0937,2.31,1.21,3.75,0.00313,0.0386,-1.01,-0.0143,-0.0531,0.959,0.982
Rad18,-1.08,-0.112,-0.361,0.725,0.921,-5.22,-2.38,-4.41,0.00101,0.0193,4.83,2.27,4.08,0.00178,0.0414
Ramp1,-2.47,-1.31,-6.27,5.74E-5,0.00893,-2.81,-1.49,-6.48,4.31E-5,0.00263,1.13,0.183,0.745,0.472,0.716
Rap1gds1,1.1,0.142,0.369,0.719,0.918,3.77,1.91,5.42,2.02E-4,0.00745,-3.41,-1.77,-5.31,2.39E-4,0.0127
Rara,1.51,0.593,1.15,0.272,0.676,4.86,2.28,4.68,6.49E-4,0.0145,-3.22,-1.69,-4.79,5.46E-4,0.0213
Rasal3,-1.05,-0.0672,-0.376,0.714,0.915,2.09,1.06,6.15,6.87E-5,0.00352,-2.19,-1.13,-6.77,2.89E-5,0.00294
Rasgrp2,-1.8,-0.848,-2.72,0.0197,0.237,-3.76,-1.91,-4.89,4.61E-4,0.0117,2.09,1.06,2.6,0.0243,0.169
Rassf2,-2.47,-1.31,-4.45,9.54E-4,0.0495,1.08,0.107,0.404,0.694,0.842,-2.66,-1.41,-4.78,5.48E-4,0.0213
Rb1,1.5,0.586,1.38,0.196,0.597,3.66,1.87,4.58,7.59E-4,0.0161,-2.44,-1.29,-3.82,0.00278,0.0531
Rbl2,1.13,0.179,0.467,0.649,0.891,3.93,1.97,5.52,1.72E-4,0.0066,-3.47,-1.8,-5.51,1.76E-4,0.01
Rbpj,2.63,1.4,4.5,8.75E-4,0.0483,1.15,0.199,0.566,0.582,0.773,2.29,1.2,3.71,0.00336,0.06
Rbpms,2.9,1.54,4.64,6.88E-4,0.041,2.06,1.04,2.99,0.0122,0.0838,1.41,0.497,1.65,0.126,0.383
Rcbtb2,1.1,0.14,0.402,0.695,0.908,3.35,1.75,5.41,2.05E-4,0.00745,-3.04,-1.61,-5.23,2.71E-4,0.0137
Repin1,-1.87,-0.901,-2.27,0.0441,0.327,-4.4,-2.14,-4.11,0.00169,0.0267,2.36,1.24,2.28,0.0436,0.226
Rfc4,-2.92,-1.54,-4.88,4.68E-4,0.0325,-2.47,-1.3,-3.88,0.00251,0.034,-1.18,-0.241,-0.647,0.531,0.761
Rftn1,1.23,0.303,1.68,0.121,0.501,3.16,1.66,9.59,1.02E-6,2.58E-4,-2.56,-1.36,-8.43,3.65E-6,7.32E-4
Rgs3,28.5,4.83,2.98,0.0123,0.185,54.6,5.77,3.59,0.00413,0.0458,-1.92,-0.94,-2.46,0.0313,0.192
Rnf141,-2.63,-1.4,-3.92,0.00232,0.0825,-6.64,-2.73,-5.22,2.75E-4,0.00861,2.52,1.33,2.4,0.0351,0.204
Rnf145,1.86,0.897,3.94,0.00227,0.0823,4.03,2.01,9.08,1.74E-6,3.09E-4,-2.17,-1.11,-5.85,1.05E-4,0.00726
Rnf166,1.36,0.444,1.28,0.228,0.633,3.2,1.68,5.07,3.45E-4,0.00994,-2.35,-1.23,-3.94,0.00226,0.048
Rnf41,-1.21,-0.271,-0.73,0.481,0.807,2.5,1.32,3.86,0.0026,0.0347,-3.01,-1.59,-4.71,6.22E-4,0.0226
Rnf6,1.71,0.776,2.27,0.0438,0.326,2.3,1.2,3.53,0.00465,0.0486,-1.34,-0.427,-1.38,0.195,0.473
Rnf7,-1.38,-0.464,-1.76,0.106,0.471,-2.13,-1.09,-3.61,0.00399,0.0451,1.55,0.629,2.04,0.0658,0.274
Rogdi,4.74,2.25,6.69,3.22E-5,0.00544,-1.99,-0.994,-1.99,0.0713,0.241,9.45,3.24,6.72,3.07E-5,0.00308
Rpf2,1.08,0.108,0.349,0.733,0.924,-2.64,-1.4,-3.57,0.00433,0.047,2.85,1.51,3.83,0.00272,0.0527
Rpl32,-1.29,-0.365,-1.96,0.0757,0.412,-2.23,-1.16,-5.41,2.05E-4,0.00745,1.73,0.79,3.65,0.00376,0.064
Rpl35a,-1.18,-0.235,-0.901,0.387,0.757,-2.12,-1.08,-3.56,0.00437,0.0473,1.8,0.846,2.76,0.0182,0.145
Rplp2,-1.3,-0.383,-1.58,0.143,0.53,-2.08,-1.06,-3.79,0.00295,0.0372,1.59,0.672,2.37,0.0366,0.207
Rps17,-1.45,-0.538,-2.39,0.0356,0.304,-2.33,-1.22,-4.68,6.49E-4,0.0145,1.6,0.68,2.55,0.0269,0.177
Rps20,-1.34,-0.425,-1.74,0.11,0.478,-2.28,-1.19,-4.18,0.00149,0.0246,1.7,0.767,2.64,0.0228,0.165
Rps23,-1.29,-0.372,-2.1,0.0596,0.371,-2.03,-1.02,-5.07,3.48E-4,0.00994,1.57,0.647,3.17,0.00874,0.0998
Rps24,-1.19,-0.254,-1.16,0.269,0.672,-2.01,-1.0,-4.01,0.002,0.0298,1.68,0.751,2.97,0.0126,0.118
Rps25,-1.38,-0.464,-2.39,0.0356,0.304,-2.44,-1.29,-5.68,1.35E-4,0.00557,1.77,0.825,3.57,0.00431,0.0686
Rps27a,-1.21,-0.279,-1.4,0.19,0.591,-2.02,-1.02,-4.43,9.77E-4,0.0189,1.67,0.738,3.19,0.00851,0.0986
Rps27l,1.01,0.0126,0.0561,0.956,0.992,-2.01,-1.0,-3.77,0.00304,0.0379,2.02,1.02,3.84,0.00269,0.0522
Rps4x,-1.11,-0.146,-0.842,0.418,0.773,-2.06,-1.04,-5.24,2.67E-4,0.00861,1.86,0.899,4.5,8.8E-4,0.0281
Rps6ka3,4.28,2.1,2.21,0.0487,0.341,12.2,3.61,4.01,0.00202,0.0299,-2.86,-1.51,-2.54,0.0274,0.178
Rrm1,-1.76,-0.814,-3.42,0.00565,0.128,-2.34,-1.23,-4.61,7.23E-4,0.0156,1.33,0.415,1.5,0.161,0.43
Rrp1b,-1.27,-0.346,-1.42,0.183,0.585,-2.24,-1.17,-4.07,0.0018,0.0281,1.77,0.82,2.83,0.0161,0.136
Rrs1,-2.06,-1.04,-3.37,0.00617,0.132,-2.61,-1.38,-3.96,0.00218,0.0311,1.27,0.342,0.929,0.373,0.632
Rundc1,1.07,0.0938,0.236,0.818,0.954,4.33,2.11,5.94,9.24E-5,0.00424,-4.06,-2.02,-5.88,1.0E-4,0.00722
Runx2,-5.13,-2.36,-5.89,9.95E-5,0.0118,-8.87,-3.15,-5.81,1.12E-4,0.00475,1.73,0.79,1.3,0.22,0.502
Runx3,4.59,2.2,7.53,1.07E-5,0.00263,1.97,0.979,3.09,0.0102,0.0758,2.33,1.22,4.69,6.34E-4,0.0229
Ruvbl2,-1.07,-0.0988,-0.469,0.648,0.89,-2.15,-1.1,-4.39,0.00104,0.0196,2.01,1.01,4.01,0.002,0.0448
S100a10,1.38,0.461,1.74,0.109,0.475,2.65,1.4,5.45,1.93E-4,0.00719,-1.92,-0.944,-4.03,0.00192,0.0437
Samhd1,2.63,1.39,2.05,0.0649,0.385,8.87,3.15,4.83,5.06E-4,0.0126,-3.38,-1.76,-4.04,0.00191,0.0436
Samsn1,-6.01,-2.59,-8.79,2.41E-6,0.00122,1.07,0.095,0.427,0.678,0.833,-6.42,-2.68,-8.93,2.07E-6,5.44E-4
Saraf,-1.19,-0.246,-0.858,0.409,0.768,1.88,0.91,3.3,0.00702,0.0621,-2.23,-1.16,-4.22,0.0014,0.0371
Sat1,-1.0,-2.89E-4,-7.87E-4,0.999,1.0,3.04,1.6,4.75,5.78E-4,0.0135,-3.04,-1.6,-4.97,4.08E-4,0.0183
Satb1,-1.61,-0.689,-2.4,0.035,0.301,-5.46,-2.45,-6.26,5.87E-5,0.00327,3.38,1.76,4.33,0.00117,0.033
Scarb1,-1.27,-0.35,-1.14,0.28,0.682,-3.16,-1.66,-4.22,0.0014,0.0236,2.48,1.31,3.27,0.00741,0.0916
Sdhd,-1.17,-0.222,-1.17,0.267,0.671,-2.24,-1.16,-5.2,2.84E-4,0.00875,1.92,0.939,4.18,0.0015,0.0384
Secisbp2l,1.67,0.736,1.61,0.134,0.519,3.37,1.75,3.96,0.00217,0.0311,-2.02,-1.02,-2.74,0.0189,0.148
Sell,-1.25,-0.318,-2.18,0.0511,0.348,-7.53,-2.91,-13.4,3.29E-8,4.85E-5,6.04,2.59,11.6,1.46E-7,1.72E-4
Sema4a,5.08,2.34,4.07,0.0018,0.0727,6.99,2.81,4.91,4.44E-4,0.0114,-1.38,-0.461,-1.23,0.245,0.521
Sema4d,1.76,0.818,3.95,0.00222,0.0814,2.08,1.06,4.99,3.96E-4,0.0106,-1.18,-0.238,-1.23,0.243,0.52
Senp6,1.16,0.211,0.639,0.536,0.834,2.61,1.38,4.41,0.00102,0.0195,-2.25,-1.17,-3.89,0.00246,0.0501
Sepp1,2.51,1.33,4.12,0.00165,0.0699,2.59,1.37,4.14,0.00159,0.0256,-1.03,-0.0405,-0.141,0.89,0.95
Sept1,-1.25,-0.323,-1.25,0.236,0.641,2.22,1.15,4.76,5.73E-4,0.0135,-2.77,-1.47,-6.16,6.69E-5,0.00539
Sept11,3.15,1.66,4.2,0.00144,0.0656,5.35,2.42,6.21,6.22E-5,0.00333,-1.7,-0.762,-2.42,0.0338,0.2
Serpina3g,1.73,0.791,1.24,0.241,0.644,14.8,3.89,6.58,3.72E-5,0.00255,-8.56,-3.1,-7.09,1.88E-5,0.00211
Serpinb1a,-4.02,-2.01,-9.23,1.49E-6,8.11E-4,1.23,0.293,1.64,0.13,0.338,-4.93,-2.3,-10.5,4.18E-7,2.13E-4
Sfxn1,-1.69,-0.758,-2.66,0.0219,0.247,-2.94,-1.55,-4.57,7.83E-4,0.0163,1.74,0.795,2.25,0.0459,0.232
Sh3kbp1,1.25,0.323,1.46,0.173,0.572,3.12,1.64,7.72,8.46E-6,8.96E-4,-2.5,-1.32,-6.66,3.33E-5,0.00325
Shcbp1,-2.93,-1.55,-4.97,4.04E-4,0.0299,-1.38,-0.46,-1.58,0.142,0.355,-2.13,-1.09,-3.3,0.00694,0.0891
Shisa5,-1.02,-0.0277,-0.124,0.903,0.976,4.57,2.19,10.8,2.98E-7,1.51E-4,-4.66,-2.22,-11.4,1.75E-7,1.72E-4
Sigirr,-2.25,-1.17,-3.23,0.00789,0.147,1.25,0.317,0.981,0.347,0.589,-2.8,-1.49,-4.15,0.00156,0.0392
Sipa1,-1.12,-0.159,-0.622,0.546,0.84,1.86,0.896,3.64,0.00383,0.0439,-2.08,-1.05,-4.37,0.00108,0.0313
Sirt3,-1.91,-0.934,-3.65,0.00372,0.106,-4.94,-2.3,-6.49,4.22E-5,0.00263,2.59,1.37,3.69,0.00351,0.0607
Skap2,1.06,0.0798,0.296,0.772,0.939,-3.89,-1.96,-5.23,2.7E-4,0.00861,4.11,2.04,5.39,2.11E-4,0.0116
Skiv2l2,1.19,0.255,1.02,0.331,0.717,-2.06,-1.04,-3.4,0.00584,0.0555,2.46,1.3,4.31,0.0012,0.0332
Skp1a,2.94,1.55,8.08,5.51E-6,0.00177,1.46,0.548,2.59,0.0249,0.129,2.01,1.01,5.27,2.54E-4,0.0131
Sla,1.73,0.792,3.11,0.0098,0.164,3.05,1.61,6.39,4.85E-5,0.00284,-1.76,-0.815,-3.55,0.00447,0.07
Slain2,1.65,0.726,2.65,0.0223,0.249,3.54,1.82,6.9,2.43E-5,0.00194,-2.14,-1.1,-4.77,5.64E-4,0.0215
Slc11a2,2.23,1.16,1.5,0.162,0.557,8.32,3.06,4.22,0.0014,0.0236,-3.72,-1.9,-3.6,0.00409,0.0668
Slc25a12,1.35,0.434,2.3,0.0415,0.32,-5.8,-2.54,-8.63,2.91E-6,4.18E-4,7.84,2.97,9.97,6.87E-7,2.62E-4
Slc29a1,-2.09,-1.06,-3.51,0.00475,0.122,-2.61,-1.38,-4.04,0.0019,0.0293,1.25,0.32,0.879,0.398,0.656
Slc29a3,-2.25,-1.17,-3.39,0.00593,0.13,-7.0,-2.81,-5.69,1.34E-4,0.00553,3.12,1.64,3.13,0.00949,0.104
Slc30a5,-1.26,-0.332,-1.32,0.213,0.618,-2.79,-1.48,-4.72,6.05E-4,0.014,2.22,1.15,3.61,0.00403,0.066
Slc35c2,1.48,0.568,2.25,0.0456,0.332,-1.44,-0.528,-1.81,0.0973,0.288,2.14,1.1,3.93,0.00231,0.0486
Slc43a2,1.72,0.785,2.51,0.0286,0.276,2.64,1.4,4.53,8.29E-4,0.0169,-1.53,-0.614,-2.26,0.0448,0.229
Slc7a5,-1.29,-0.369,-1.51,0.159,0.553,-2.24,-1.16,-4.07,0.0018,0.0281,1.74,0.796,2.75,0.0185,0.146
Slc9a9,1.27,0.35,1.34,0.207,0.613,4.94,2.31,9.55,1.06E-6,2.59E-4,-3.88,-1.96,-8.97,1.98E-6,5.39E-4
Slco3a1,-1.79,-0.838,-2.65,0.0223,0.249,2.26,1.18,4.26,0.0013,0.0225,-4.04,-2.02,-6.85,2.61E-5,0.00272
Smad3,4.18,2.06,4.64,6.95E-4,0.0411,3.81,1.93,4.3,0.00121,0.0216,1.1,0.134,0.409,0.69,0.848
Smarca2,-2.38,-1.25,-3.11,0.00978,0.164,1.51,0.599,1.71,0.115,0.316,-3.6,-1.85,-4.72,6.05E-4,0.0224
Smarcc1,-1.02,-0.0322,-0.173,0.865,0.967,-2.55,-1.35,-5.96,8.94E-5,0.0042,2.49,1.32,5.81,1.11E-4,0.0074
Smim14,-2.54,-1.35,-5.3,2.42E-4,0.021,-2.47,-1.31,-4.81,5.27E-4,0.0128,-1.03,-0.0412,-0.141,0.891,0.95
Smox,1.72,0.786,1.6,0.137,0.521,4.68,2.23,4.81,5.29E-4,0.0128,-2.71,-1.44,-3.61,0.004,0.066
Smpdl3a,1.05,0.0685,0.188,0.855,0.965,4.67,2.22,6.76,2.91E-5,0.00222,-4.45,-2.15,-6.91,2.39E-5,0.00252
Snrpd1,-1.3,-0.38,-1.4,0.187,0.591,-2.13,-1.09,-3.5,0.00486,0.05,1.64,0.711,2.25,0.046,0.232
Snx10,1.0,0.00481,0.0199,0.984,0.998,-3.18,-1.67,-5.22,2.72E-4,0.00861,3.19,1.67,5.21,2.76E-4,0.0138
Snx2,-1.26,-0.335,-1.37,0.196,0.597,2.24,1.17,5.16,3.02E-4,0.00906,-2.83,-1.5,-6.55,3.88E-5,0.00365
Snx30,-2.69,-1.43,-3.64,0.00382,0.108,-3.77,-1.92,-4.16,0.00155,0.0253,1.4,0.485,0.974,0.351,0.616
Snx9,-3.93,-1.98,-5.27,2.55E-4,0.0216,-38.2,-5.25,-3.1,0.00992,0.0746,9.71,3.28,1.9,0.0837,0.311
Sord,-1.19,-0.253,-0.737,0.477,0.805,-2.97,-1.57,-3.63,0.00388,0.0443,2.5,1.32,2.99,0.0121,0.116
Sort1,-2.58,-1.37,-3.37,0.00616,0.132,-3.62,-1.86,-3.96,0.00218,0.0311,1.4,0.49,0.946,0.364,0.626
Sox4,-1.19,-0.256,-1.34,0.208,0.614,-3.3,-1.72,-7.01,2.1E-5,0.00176,2.76,1.47,5.88,1.0E-4,0.00722
Spata13,-3.11,-1.64,-2.95,0.013,0.188,2.75,1.46,3.47,0.00515,0.0518,-8.56,-3.1,-5.82,1.1E-4,0.0074
Spidr,-1.34,-0.425,-1.27,0.229,0.634,-3.33,-1.74,-3.83,0.00275,0.0359,2.48,1.31,2.81,0.0167,0.138
Spns3,-1.33,-0.411,-1.47,0.168,0.563,-6.48,-2.7,-5.43,1.97E-4,0.00732,4.87,2.28,4.45,9.53E-4,0.0294
Sppl2b,1.89,0.921,2.44,0.0326,0.291,2.52,1.33,3.54,0.00458,0.0482,-1.33,-0.413,-1.27,0.23,0.51
Sptlc1,2.15,1.1,2.52,0.0283,0.274,2.92,1.55,3.54,0.00452,0.0481,-1.36,-0.443,-1.21,0.252,0.528
Srm,-1.36,-0.443,-2.06,0.0636,0.382,-3.15,-1.66,-6.13,6.98E-5,0.00352,2.32,1.21,4.4,0.00103,0.0303
Srp68,-1.46,-0.542,-2.34,0.0387,0.314,-2.03,-1.02,-3.94,0.00224,0.0318,1.4,0.482,1.81,0.0965,0.334
Srpk1,1.34,0.424,1.5,0.16,0.555,2.06,1.04,3.73,0.00322,0.0391,-1.54,-0.62,-2.37,0.0367,0.207
Srsf2,-1.32,-0.397,-2.09,0.0602,0.373,-2.03,-1.02,-4.75,5.8E-4,0.0135,1.54,0.622,2.85,0.0155,0.133
Srsf3,-1.42,-0.506,-3.51,0.00481,0.122,-2.09,-1.06,-6.55,3.9E-5,0.00258,1.47,0.556,3.37,0.00618,0.0828
Srsf7,-1.68,-0.751,-3.95,0.0022,0.0812,-3.04,-1.61,-7.13,1.79E-5,0.00162,1.81,0.855,3.68,0.00354,0.0609
Ssbp3,3.02,1.6,3.53,0.00461,0.121,5.93,2.57,5.82,1.1E-4,0.0047,-1.96,-0.971,-3.33,0.00666,0.087
Ssr3,1.32,0.404,1.75,0.108,0.475,-1.94,-0.956,-3.43,0.0055,0.0537,2.57,1.36,4.98,4.02E-4,0.0181
St14,-7.65,-2.94,-2.94,0.0132,0.19,-4.07,-2.02,-4.06,0.00185,0.0287,-1.88,-0.912,-0.872,0.402,0.659
St6galnac4,1.38,0.46,1.44,0.177,0.578,-2.84,-1.51,-3.6,0.00405,0.0453,3.91,1.97,4.72,6.12E-4,0.0224
Stag1,-2.0,-0.998,-4.04,0.00189,0.0729,-3.35,-1.74,-5.91,9.61E-5,0.00433,1.68,0.746,2.4,0.0348,0.203
Stat4,-2.42,-1.28,-2.3,0.0416,0.32,3.14,1.65,4.15,0.00156,0.0254,-7.62,-2.93,-5.5,1.77E-4,0.01
Stim1,2.32,1.21,3.36,0.00629,0.133,7.69,2.94,8.53,3.25E-6,4.27E-4,-3.31,-1.73,-6.81,2.73E-5,0.00281
Stk10,-1.97,-0.978,-3.28,0.00722,0.142,1.45,0.532,1.96,0.0755,0.248,-2.85,-1.51,-5.17,2.96E-4,0.0143
Stk17b,-1.63,-0.707,-1.94,0.0779,0.419,3.1,1.63,5.17,2.96E-4,0.00892,-5.06,-2.34,-6.93,2.33E-5,0.0025
Stmn1,-1.78,-0.832,-5.83,1.09E-4,0.0121,-2.81,-1.49,-8.98,1.95E-6,3.31E-4,1.58,0.656,3.81,0.00285,0.0534
Suox,3.96,1.98,2.27,0.044,0.327,9.81,3.29,3.86,0.00259,0.0347,-2.48,-1.31,-2.86,0.0154,0.133
Susd1,-2.29,-1.19,-4.06,0.00184,0.0727,-2.91,-1.54,-4.6,7.43E-4,0.0158,1.27,0.348,0.976,0.35,0.615
Suv39h1,-1.22,-0.281,-1.2,0.257,0.661,-2.11,-1.08,-3.93,0.00231,0.0323,1.73,0.794,2.88,0.0149,0.131
Syk,-1.04,-0.0594,-0.197,0.847,0.962,-9.87,-3.3,-3.51,0.00481,0.0497,9.47,3.24,3.34,0.00648,0.0856
Tab2,24.5,4.62,3.36,0.00631,0.133,46.7,5.55,4.08,0.00178,0.028,-1.9,-0.929,-2.33,0.0399,0.216
Taf5l,1.03,0.0494,0.208,0.839,0.96,-2.17,-1.11,-3.91,0.0024,0.0331,2.24,1.16,4.09,0.00174,0.0409
Tagln2,2.17,1.12,8.07,5.56E-6,0.00177,1.96,0.969,6.7,3.18E-5,0.00235,1.11,0.148,1.14,0.279,0.552
Tapt1,-5.3,-2.4,-11.8,1.25E-7,1.19E-4,-5.36,-2.42,-10.7,3.2E-7,1.53E-4,1.01,0.0175,0.0678,0.947,0.976
Tbc1d10c,-1.13,-0.18,-0.662,0.522,0.826,1.95,0.966,3.75,0.00317,0.0387,-2.21,-1.15,-4.43,9.85E-4,0.0299
Tbc1d5,-1.66,-0.732,-2.58,0.0253,0.264,-3.69,-1.88,-4.96,4.13E-4,0.0109,2.22,1.15,2.92,0.0137,0.124
Tbxa2r,-2.06,-1.04,-2.53,0.0279,0.271,-3.51,-1.81,-3.62,0.00394,0.0447,1.7,0.767,1.45,0.174,0.447
Tceb3,1.41,0.498,1.74,0.11,0.476,2.31,1.21,4.26,0.00131,0.0225,-1.63,-0.708,-2.74,0.019,0.149
Tcerg1,-1.41,-0.495,-2.04,0.0655,0.386,-2.17,-1.12,-4.01,0.00199,0.0297,1.54,0.624,2.2,0.0501,0.242
Tcf4,-3.31,-1.73,-5.7,1.32E-4,0.0136,-4.84,-2.28,-6.28,5.69E-5,0.00319,1.46,0.55,1.39,0.191,0.468
Tcof1,-2.01,-1.0,-4.94,4.26E-4,0.0305,-2.01,-1.01,-4.62,7.16E-4,0.0156,1.0,0.00199,0.0087,0.993,0.997
Tdrkh,-1.31,-0.391,-0.721,0.486,0.81,3.22,1.69,3.56,0.00439,0.0473,-4.22,-2.08,-4.49,8.92E-4,0.0283
Tecpr1,4.27,2.09,1.39,0.19,0.592,62.4,5.96,4.11,0.00169,0.0267,-14.6,-3.87,-5.21,2.8E-4,0.0139
Tes,1.45,0.539,1.76,0.105,0.47,2.28,1.19,3.91,0.00237,0.033,-1.57,-0.652,-2.33,0.0396,0.215
Tgfbr2,-1.41,-0.5,-1.2,0.255,0.659,8.79,3.14,9.32,1.35E-6,2.85E-4,-12.4,-3.64,-10.1,5.88E-7,2.49E-4
Tgtp1,-1.72,-0.779,-1.32,0.215,0.62,3.22,1.69,3.81,0.00284,0.0366,-5.53,-2.47,-4.43,9.76E-4,0.0298
Tgtp2,-3.43,-1.78,-4.7,6.26E-4,0.0388,1.3,0.381,1.21,0.25,0.493,-4.47,-2.16,-5.71,1.3E-4,0.00809
Tifa,-1.47,-0.554,-1.81,0.0975,0.459,-4.76,-2.25,-5.4,2.08E-4,0.00747,3.24,1.7,3.95,0.00222,0.0477
Tifab,-1.34,-0.419,-1.29,0.222,0.628,-11.2,-3.48,-4.29,0.00124,0.0219,8.34,3.06,3.65,0.00377,0.0641
Timp2,-1.19,-0.255,-0.489,0.634,0.885,4.51,2.17,5.22,2.73E-4,0.00861,-5.38,-2.43,-5.25,2.62E-4,0.0134
Tjp3,2.37,1.24,1.96,0.0757,0.412,4.78,2.26,3.66,0.0037,0.0427,-2.02,-1.01,-2.49,0.03,0.187
Tle3,2.56,1.35,4.31,0.00119,0.0584,2.74,1.45,4.55,7.98E-4,0.0165,-1.07,-0.0988,-0.364,0.723,0.866
Tlk1,-1.11,-0.156,-0.488,0.635,0.885,2.05,1.04,3.43,0.00554,0.0539,-2.29,-1.19,-4.13,0.00161,0.0398
Tm6sf1,1.31,0.394,1.21,0.253,0.657,-3.93,-1.98,-4.04,0.0019,0.0293,5.17,2.37,4.8,5.31E-4,0.0213
Tm7sf3,1.84,0.877,3.19,0.00853,0.154,-1.28,-0.358,-1.12,0.286,0.528,2.35,1.24,4.13,0.00164,0.0398
Tmbim1,-3.03,-1.6,-1.94,0.0784,0.42,-5.02,-2.33,-4.16,0.00155,0.0253,1.66,0.729,0.789,0.447,0.696
Tmc6,1.44,0.53,1.46,0.172,0.569,2.49,1.32,3.71,0.00338,0.0404,-1.73,-0.787,-2.44,0.0326,0.196
Tmed3,-1.52,-0.608,-2.01,0.0697,0.397,-4.3,-2.11,-5.18,2.91E-4,0.00884,2.82,1.5,3.55,0.00443,0.0695
Tmem106c,-1.85,-0.89,-2.53,0.0276,0.27,-3.11,-1.64,-3.9,0.00242,0.0334,1.68,0.746,1.69,0.118,0.371
Tmem109,-3.63,-1.86,-5.08,3.43E-4,0.0272,-1.72,-0.782,-2.26,0.0451,0.186,-2.11,-1.08,-2.7,0.0206,0.154
Tmem154,1.03,0.039,0.0866,0.933,0.985,23.0,4.52,12.1,9.68E-8,7.79E-5,-22.4,-4.48,-12.8,5.26E-8,1.34E-4
Tmem164,1.29,0.363,1.43,0.18,0.581,2.11,1.08,4.27,0.00128,0.0224,-1.64,-0.717,-3.09,0.0102,0.106
Tmem176a,-1.99,-0.991,-3.17,0.00884,0.156,3.15,1.65,6.3,5.5E-5,0.0031,-6.26,-2.65,-9.13,1.66E-6,5.07E-4
Tmem176b,-2.29,-1.19,-6.79,2.82E-5,0.00512,1.62,0.7,4.44,9.64E-4,0.0188,-3.71,-1.89,-11.0,2.49E-7,1.9E-4
Tmem206,-1.9,-0.926,-2.99,0.0122,0.184,-5.22,-2.38,-4.33,0.00115,0.021,2.75,1.46,2.53,0.0278,0.179
Tmem229b,-1.77,-0.823,-2.81,0.0167,0.216,-2.99,-1.58,-4.68,6.51E-4,0.0145,1.69,0.759,2.16,0.053,0.248
Tmem260,-2.04,-1.03,-2.59,0.0249,0.263,1.85,0.885,2.53,0.0276,0.138,-3.78,-1.92,-5.03,3.69E-4,0.0171
Tmem30a,1.1,0.132,0.485,0.637,0.885,2.51,1.33,5.07,3.48E-4,0.00994,-2.29,-1.2,-4.91,4.46E-4,0.0188
Tmem43,-2.5,-1.32,-6.18,6.53E-5,0.00955,-2.42,-1.28,-5.59,1.55E-4,0.00619,-1.03,-0.0438,-0.178,0.862,0.938
Tmem63a,-2.77,-1.47,-2.28,0.0433,0.324,2.13,1.09,2.39,0.0355,0.16,-5.9,-2.56,-4.05,0.00185,0.0427
Tmem64,1.63,0.707,1.65,0.126,0.508,8.73,3.13,8.09,5.43E-6,6.26E-4,-5.35,-2.42,-7.1,1.86E-5,0.00211
Tmem71,-2.04,-1.03,-0.866,0.405,0.767,7.12,2.83,3.7,0.00342,0.0405,-14.6,-3.86,-3.54,0.00456,0.0706
Tmsb4x,3.71,1.89,14.2,1.79E-8,6.83E-5,3.79,1.92,14.0,1.97E-8,4.85E-5,-1.02,-0.0288,-0.26,0.8,0.905
Tnfrsf13b,-1.12,-0.165,-0.628,0.543,0.838,-2.42,-1.27,-4.0,0.00204,0.0301,2.16,1.11,3.46,0.0052,0.0748
Tnks2,1.79,0.839,4.22,0.00139,0.0646,2.41,1.27,6.31,5.46E-5,0.0031,-1.35,-0.428,-2.37,0.0369,0.208
Tns1,1.63,0.707,2.2,0.0501,0.346,-3.49,-1.8,-3.59,0.00418,0.046,5.7,2.51,4.95,4.18E-4,0.0185
Top2a,-2.01,-1.01,-4.46,9.35E-4,0.0491,-1.42,-0.502,-2.18,0.0518,0.201,-1.42,-0.508,-2.1,0.0598,0.261
Top2b,1.43,0.515,2.19,0.0508,0.347,2.08,1.06,4.46,9.39E-4,0.0185,-1.45,-0.541,-2.44,0.0327,0.196
Tor4a,-1.2,-0.263,-0.956,0.359,0.735,1.93,0.945,3.61,0.00401,0.0452,-2.31,-1.21,-4.67,6.64E-4,0.0235
Tox,38.0,5.25,6.4,4.81E-5,0.0078,41.8,5.39,6.64,3.42E-5,0.0024,-1.1,-0.138,-0.716,0.489,0.728
Tpd52,-1.26,-0.337,-1.5,0.162,0.557,-2.48,-1.31,-4.82,5.19E-4,0.0128,1.97,0.975,3.54,0.00451,0.0701
Tpd52l2,-1.64,-0.718,-2.59,0.0248,0.262,-2.54,-1.34,-4.16,0.00153,0.0252,1.54,0.625,1.88,0.0864,0.314
Tprgl,1.23,0.296,1.15,0.276,0.68,2.08,1.05,4.12,0.00164,0.0263,-1.69,-0.758,-3.11,0.00973,0.105
Tpst2,2.12,1.08,4.08,0.00177,0.0726,2.23,1.16,4.27,0.00128,0.0224,-1.05,-0.0758,-0.316,0.758,0.884
Tram1,-2.0,-1.0,-5.09,3.34E-4,0.0268,-1.6,-0.675,-3.3,0.00698,0.0618,-1.26,-0.328,-1.53,0.154,0.421
Trim21,-1.01,-0.0163,-0.0383,0.97,0.994,2.94,1.56,3.92,0.00234,0.0325,-2.97,-1.57,-4.17,0.00152,0.0385
Trim23,2.4,1.26,2.16,0.0531,0.352,4.77,2.25,3.99,0.00209,0.0303,-1.99,-0.992,-2.49,0.0298,0.186
Trim8,2.08,1.06,3.46,0.00526,0.124,2.99,1.58,5.18,2.9E-4,0.00883,-1.43,-0.52,-2.0,0.0704,0.283
Trip12,1.36,0.442,1.36,0.2,0.601,2.77,1.47,4.68,6.46E-4,0.0145,-2.04,-1.03,-3.65,0.00378,0.0641
Trip4,-1.63,-0.707,-0.987,0.344,0.727,2.8,1.48,3.85,0.00262,0.0349,-4.56,-2.19,-3.06,0.0106,0.108
Trit1,-2.03,-1.02,-2.97,0.0126,0.187,-2.85,-1.51,-3.54,0.00458,0.0482,1.41,0.491,1.09,0.299,0.569
Trp53inp1,1.55,0.631,1.75,0.107,0.474,8.33,3.06,9.33,1.34E-6,2.85E-4,-5.38,-2.43,-8.21,4.69E-6,8.93E-4
Trpv2,1.29,0.366,0.678,0.512,0.823,4.2,2.07,4.15,0.00157,0.0255,-3.26,-1.71,-3.65,0.00374,0.0638
Tspan13,-7.05,-2.82,-12.0,9.93E-8,1.08E-4,-1.78,-0.834,-4.31,0.0012,0.0215,-3.96,-1.98,-7.95,6.41E-6,0.00104
Tspan3,-1.14,-0.191,-0.76,0.463,0.799,-2.41,-1.27,-4.16,0.00154,0.0253,2.11,1.08,3.5,0.00484,0.073
Ttc13,-2.04,-1.03,-3.48,0.00503,0.123,-2.84,-1.5,-4.44,9.6E-4,0.0188,1.39,0.473,1.32,0.214,0.494
Ttpal,1.46,0.549,1.34,0.208,0.614,2.89,1.53,3.83,0.00274,0.0359,-1.97,-0.981,-2.81,0.0166,0.138
Ttyh3,1.54,0.624,2.17,0.0525,0.352,-2.19,-1.13,-3.09,0.0102,0.0758,3.38,1.76,4.92,4.37E-4,0.0188
Tubgcp2,-1.24,-0.312,-1.28,0.227,0.633,1.73,0.794,3.41,0.00572,0.0551,-2.15,-1.11,-4.79,5.43E-4,0.0213
Tubgcp3,1.91,0.937,2.31,0.0409,0.32,-2.02,-1.02,-1.95,0.0762,0.25,3.87,1.95,3.9,0.00243,0.0498
Tyrobp,3.54,1.82,7.8,7.68E-6,0.00217,-1.09,-0.119,-0.428,0.676,0.833,3.84,1.94,7.74,8.25E-6,0.00119
U2af1,-1.13,-0.176,-0.717,0.488,0.811,-2.5,-1.32,-4.43,9.83E-4,0.019,2.21,1.14,3.81,0.00284,0.0534
Uap1,-3.2,-1.68,-3.81,0.00282,0.0921,-4.96,-2.31,-4.55,8.1E-4,0.0167,1.55,0.631,1.11,0.291,0.562
Ube2h,2.12,1.08,3.34,0.00649,0.135,4.35,2.12,6.71,3.12E-5,0.00233,-2.05,-1.04,-3.96,0.00217,0.0469
Ugcg,4.76,2.25,4.71,6.17E-4,0.0386,5.21,2.38,4.96,4.16E-4,0.0109,-1.09,-0.13,-0.354,0.73,0.869
Uhrf1,-2.12,-1.08,-4.52,8.43E-4,0.0475,-1.67,-0.74,-2.98,0.0123,0.0841,-1.27,-0.343,-1.31,0.217,0.498
Uhrf1bp1l,-1.23,-0.293,-0.603,0.559,0.846,3.64,1.86,4.39,0.00106,0.0198,-4.46,-2.16,-4.94,4.24E-4,0.0187
Umps,-1.86,-0.893,-2.52,0.0285,0.275,-2.79,-1.48,-3.65,0.00374,0.043,1.5,0.585,1.38,0.195,0.473
Unc119b,1.76,0.813,2.79,0.0175,0.22,2.27,1.18,4.02,0.00197,0.0297,-1.29,-0.37,-1.41,0.186,0.462
Unc93b1,-1.98,-0.984,-3.32,0.00672,0.137,-9.85,-3.3,-7.17,1.7E-5,0.00159,4.98,2.32,4.82,5.17E-4,0.0209
Uqcrq,1.16,0.21,0.605,0.557,0.845,2.3,1.2,3.58,0.00424,0.0463,-1.99,-0.989,-3.16,0.00895,0.101
Usp24,2.17,1.12,2.44,0.0323,0.291,3.73,1.9,4.25,0.00133,0.0227,-1.72,-0.784,-2.18,0.0515,0.244
Usp33,2.3,1.2,3.53,0.00459,0.121,2.61,1.39,4.04,0.0019,0.0293,-1.14,-0.185,-0.618,0.549,0.772
Utrn,-1.54,-0.626,-0.498,0.628,0.883,5.04,2.33,3.64,0.00381,0.0437,-7.78,-2.96,-2.35,0.038,0.211
Vamp4,2.31,1.21,2.4,0.0348,0.301,3.62,1.85,3.75,0.00317,0.0387,-1.56,-0.646,-1.54,0.15,0.416
Vasp,2.57,1.36,3.82,0.00277,0.091,3.02,1.6,4.45,9.44E-4,0.0185,-1.18,-0.235,-0.819,0.43,0.682
Vav3,-4.06,-2.02,-5.91,9.65E-5,0.0118,-2.27,-1.18,-3.6,0.00407,0.0454,-1.79,-0.843,-2.19,0.0509,0.243
Vim,-1.6,-0.681,-2.17,0.0521,0.351,1.89,0.921,3.2,0.00836,0.0682,-3.04,-1.6,-5.37,2.16E-4,0.0118
Wasf2,-1.63,-0.708,-2.93,0.0135,0.191,-3.42,-1.77,-5.92,9.53E-5,0.00432,2.09,1.06,3.44,0.00546,0.0774
Wbp1l,2.31,1.21,4.83,5.08E-4,0.034,2.12,1.09,4.19,0.00148,0.0246,1.09,0.123,0.537,0.602,0.803
Wdfy4,-1.48,-0.564,-2.23,0.0473,0.337,-4.89,-2.29,-6.13,7.02E-5,0.00352,3.31,1.72,4.47,9.18E-4,0.0287
Wdr18,-1.21,-0.276,-1.05,0.316,0.709,-2.39,-1.26,-3.97,0.00214,0.0308,1.97,0.979,3.06,0.0106,0.108
Wdr77,-1.18,-0.242,-0.978,0.349,0.73,-2.33,-1.22,-4.13,0.00163,0.0261,1.97,0.976,3.28,0.00719,0.0903
Wls,1.16,0.218,0.605,0.557,0.845,4.32,2.11,6.4,4.78E-5,0.00284,-3.71,-1.89,-6.27,5.76E-5,0.00493
Xpc,-2.27,-1.18,-5.83,1.09E-4,0.0121,-1.26,-0.339,-1.71,0.114,0.315,-1.79,-0.843,-3.96,0.00217,0.0469
Xrcc6,-3.77,-1.91,-9.89,7.43E-7,4.36E-4,-4.31,-2.11,-9.68,9.28E-7,2.44E-4,1.14,0.195,0.807,0.437,0.688
Ybx3,-1.12,-0.163,-0.749,0.469,0.803,-2.92,-1.55,-5.67,1.38E-4,0.00561,2.61,1.38,5.03,3.72E-4,0.0171
Yipf3,1.26,0.335,1.13,0.281,0.683,2.29,1.2,4.15,0.00158,0.0255,-1.82,-0.861,-3.23,0.00794,0.0946
Yipf6,-1.75,-0.808,-2.03,0.0669,0.391,-3.27,-1.71,-3.6,0.0041,0.0455,1.87,0.9,1.84,0.0932,0.326
Zc3hav1,-2.52,-1.33,-5.02,3.76E-4,0.0293,-1.36,-0.445,-1.72,0.113,0.312,-1.85,-0.89,-3.17,0.00876,0.0998
Zdhhc18,-1.56,-0.646,-1.88,0.0858,0.438,1.77,0.827,2.62,0.0237,0.126,-2.78,-1.47,-4.57,7.83E-4,0.026
Zeb2,-3.03,-1.6,-4.49,8.87E-4,0.0483,-21.5,-4.43,-2.85,0.0155,0.0979,7.09,2.83,1.78,0.102,0.343
Zfand6,1.23,0.302,0.907,0.384,0.755,2.28,1.19,3.67,0.00364,0.0423,-1.85,-0.889,-2.91,0.014,0.126
Zfp148,-1.1,-0.137,-0.462,0.653,0.893,1.95,0.966,3.41,0.00568,0.0548,-2.15,-1.1,-3.96,0.00217,0.0469
Zfp319,-1.4,-0.484,-0.632,0.54,0.837,3.44,1.78,4.4,0.00104,0.0196,-4.81,-2.27,-2.98,0.0123,0.117
Zfp35,1.15,0.201,0.81,0.435,0.785,-2.27,-1.18,-3.87,0.00256,0.0344,2.61,1.38,4.58,7.69E-4,0.0257
Zfp422,-1.48,-0.567,-2.87,0.015,0.204,-2.93,-1.55,-6.54,3.92E-5,0.00258,1.98,0.987,4.06,0.00184,0.0425
Zfp68,1.1,0.135,0.444,0.666,0.898,-4.46,-2.16,-4.47,9.19E-4,0.0183,4.9,2.29,4.65,6.81E-4,0.0239
Zfp706,-1.9,-0.923,-5.96,8.93E-5,0.0115,-2.68,-1.42,-8.13,5.17E-6,6.15E-4,1.41,0.498,2.73,0.0193,0.15
Zhx1,-1.28,-0.355,-1.4,0.188,0.591,1.6,0.676,2.76,0.0184,0.108,-2.04,-1.03,-4.23,0.00138,0.037
Zmym5,1.54,0.619,1.21,0.252,0.657,3.68,1.88,3.83,0.00274,0.0359,-2.4,-1.26,-3.39,0.00596,0.0815
